-- ============================================
-- 전체 샘플 데이터 통합 파일 (v3 - DDL 100% 일치)
-- 설명: DDL과 완벽히 일치하는 22개 테이블 샘플 데이터
-- 작성일: 2026-02-07
-- 스키마: hkgn
-- ============================================
-- 검증 완료 테이블 (7개) + 재작성 테이블 (15개) = 총 22개
-- ============================================

SET search_path TO hkgn, public;

-- ============================================
-- 테이블: business_partner
-- 설명: 거래처 마스터 샘플 데이터
-- 작성일: 2026-02-07
-- 스키마: hkgn
-- 데이터 수: 15개 (매출처 5, 매입처 5, 외주처 5)
-- ============================================

-- 매출처 (SALES)
INSERT INTO hkgn.business_partner (bp_cd, bp_type, sales_category, bp_nm, ceo_nm, biz_reg_no, phone, mobile, fax, contact_person, email, address1, address2, biz_type, biz_item, bank_holder, bank_account, bank_nm, is_active, created_at, updated_at) VALUES
('S001', 'SALES', '유리판매', '(주)대한건설', '김대한', '123-45-67890', '02-1234-5678', '010-1234-5678', '02-1234-5679', '이현장', 'lee@daehan.com', '서울시 강남구 테헤란로 123', '대한빌딩 10층', '건설업', '건축공사', '김대한', '123-456-789012', '우리은행', TRUE, '2025-01-15 09:00:00+09', '2025-01-15 09:00:00+09'),
('S002', 'SALES', '유리판매', '삼성종합건설', '박삼성', '234-56-78901', '02-2345-6789', '010-2345-6789', '02-2345-6790', '최담당', 'choi@samsung.com', '서울시 서초구 서초대로 234', '삼성타워 20층', '건설업', '토목공사', '박삼성', '234-567-890123', '국민은행', TRUE, '2025-01-16 10:00:00+09', '2025-01-16 10:00:00+09'),
('S003', 'SALES', '유리판매', '한화건설산업', '정한화', '345-67-89012', '02-3456-7890', '010-3456-7890', '02-3456-7891', '김매니저', 'kim@hanwha.com', '서울시 중구 남대문로 345', '한화빌딩 15층', '건설업', '건축공사', '정한화', '345-678-901234', '신한은행', TRUE, '2025-01-20 11:00:00+09', '2025-01-20 11:00:00+09'),
('S004', 'SALES', '유리판매', '현대건설(주)', '이현대', '456-78-90123', '02-4567-8901', '010-4567-8901', '02-4567-8902', '박과장', 'park@hyundai.com', '서울시 종로구 종로 456', '현대사옥 25층', '건설업', '플랜트공사', '이현대', '456-789-012345', '하나은행', TRUE, '2025-02-01 09:30:00+09', '2025-02-01 09:30:00+09'),
('S005', 'SALES', '기타', 'GS건설', '최지에스', '567-89-01234', '02-5678-9012', '010-5678-9012', '02-5678-9013', '윤대리', 'yoon@gs.com', '서울시 강남구 역삼로 567', 'GS타워 30층', '건설업', '건축공사', '최지에스', '567-890-123456', '기업은행', TRUE, '2025-02-05 14:00:00+09', '2025-02-05 14:00:00+09');

-- 매입처 (PURCHASE)
INSERT INTO hkgn.business_partner (bp_cd, bp_type, purchase_category, bp_nm, ceo_nm, biz_reg_no, phone, mobile, fax, contact_person, email, address1, address2, biz_type, biz_item, bank_holder, bank_account, bank_nm, is_active, created_at, updated_at) VALUES
('P001', 'PURCHASE', '원자재', '한국유리공업', '김유리', '678-90-12345', '031-1234-5678', '010-6789-0123', '031-1234-5679', '송영업', 'song@koreaglass.com', '경기도 이천시 유리로 100', '한국유리 본사', '제조업', '유리제조', '김유리', '678-901-234567', '우리은행', TRUE, '2025-01-10 08:00:00+09', '2025-01-10 08:00:00+09'),
('P002', 'PURCHASE', '원자재', 'KCC글라스', '박케이씨', '789-01-23456', '041-2345-6789', '010-7890-1234', '041-2345-6790', '전대리', 'jun@kcc.com', '충남 천안시 글라스로 200', 'KCC 공장', '제조업', '건축자재', '박케이씨', '789-012-345678', '신한은행', TRUE, '2025-01-12 09:00:00+09', '2025-01-12 09:00:00+09'),
('P003', 'PURCHASE', '부자재', '동양스페이서', '이동양', '890-12-34567', '032-3456-7890', '010-8901-2345', '032-3456-7891', '강사원', 'kang@dongyang.com', '인천시 남동구 부자재로 300', '동양공장', '제조업', '금속제품', '이동양', '890-123-456789', '국민은행', TRUE, '2025-01-14 10:00:00+09', '2025-01-14 10:00:00+09'),
('P004', 'PURCHASE', '부자재', '삼화실리콘', '정삼화', '901-23-45678', '031-4567-8901', '010-9012-3456', '031-4567-8902', '조팀장', 'cho@samhwa.com', '경기도 화성시 실리콘로 400', '삼화빌딩', '제조업', '화학제품', '정삼화', '901-234-567890', '하나은행', TRUE, '2025-01-18 11:00:00+09', '2025-01-18 11:00:00+09'),
('P005', 'PURCHASE', '원자재', '코리아판유리', '최판유', '012-34-56789', '055-5678-9012', '010-0123-4567', '055-5678-9013', '황주임', 'hwang@koreapan.com', '경남 창원시 판유리로 500', '코리아판 공장', '제조업', '유리가공', '최판유', '012-345-678901', '기업은행', TRUE, '2025-01-22 08:30:00+09', '2025-01-22 08:30:00+09');

-- 외주처 (OUTSOURCE)
INSERT INTO hkgn.business_partner (bp_cd, bp_type, bp_nm, ceo_nm, biz_reg_no, phone, mobile, fax, contact_person, email, address1, address2, biz_type, biz_item, bank_holder, bank_account, bank_nm, is_active, created_at, updated_at) VALUES
('O001', 'OUTSOURCE', '에이스강화', '김강화', '111-22-33444', '031-1111-2222', '010-1111-2222', '031-1111-2223', '이기사', 'lee@ace.com', '경기도 안산시 강화로 10', '에이스공장', '제조업', '유리강화', '김강화', '111-222-333444', '우리은행', TRUE, '2025-01-25 09:00:00+09', '2025-01-25 09:00:00+09'),
('O002', 'OUTSOURCE', '비엠에칭', '박에칭', '222-33-44555', '032-2222-3333', '010-2222-3333', '032-2222-3334', '최작업', 'choi@bm.com', '인천시 부평구 에칭로 20', 'BM공장', '제조업', '유리가공', '박에칭', '222-333-444555', '신한은행', TRUE, '2025-01-27 10:00:00+09', '2025-01-27 10:00:00+09'),
('O003', 'OUTSOURCE', '삼일절단', '이절단', '333-44-55666', '041-3333-4444', '010-3333-4444', '041-3333-4445', '정기술', 'jung@samil.com', '충남 아산시 절단로 30', '삼일작업장', '제조업', '금속가공', '이절단', '333-444-555666', '국민은행', TRUE, '2025-01-29 11:00:00+09', '2025-01-29 11:00:00+09'),
('O004', 'OUTSOURCE', '대한운송', '정운송', '444-55-66777', '02-4444-5555', '010-4444-5555', '02-4444-5556', '박운전', 'park@daehan.com', '서울시 구로구 운송로 40', '대한물류센터', '운수업', '화물운송', '정운송', '444-555-666777', '하나은행', TRUE, '2025-02-02 08:00:00+09', '2025-02-02 08:00:00+09'),
('O005', 'OUTSOURCE', '코리아포장', '최포장', '555-66-77888', '031-5555-6666', '010-5555-6666', '031-5555-6667', '윤작업', 'yoon@korea.com', '경기도 평택시 포장로 50', '코리아작업장', '제조업', '포장재', '최포장', '555-666-777888', '기업은행', TRUE, '2025-02-04 09:30:00+09', '2025-02-04 09:30:00+09');
-- ============================================
-- 테이블: item_master
-- 설명: 자재 마스터 샘플 데이터
-- 작성일: 2026-02-07
-- 스키마: hkgn
-- 데이터 수: 20개 (제품 5, 원판 5, 부자재 5, 강화 2, 에칭 2, 용기 1)
-- ============================================

-- 완제품 (PRODUCT)
INSERT INTO hkgn.item_master (material_cd, material_type, category, material_nm, thickness, spec_remark, color_type, unit, cost_price, list_price, purchase_price, selling_price, supplier_cd, sf_count, mf_count, glass_count, is_active, created_at, updated_at) VALUES
('PRD001', 'PRODUCT', '복층유리', '복층유리 16T (5CL+6A+5CL) 투명', 16.00, '5mm 투명 + 6mm 공기층 + 5mm 투명', '투명', 'M2', 35000, 50000, 0, 45000, NULL, 1.5, 2.0, 2, TRUE, '2025-01-10 08:00:00+09', '2025-01-10 08:00:00+09'),
('PRD002', 'PRODUCT', '복층유리', '복층유리 22T (6CL+12A+6CL) 그린', 22.00, '6mm 그린 + 12mm 공기층 + 6mm 투명', '그린', 'M2', 42000, 60000, 0, 55000, NULL, 1.8, 2.3, 2, TRUE, '2025-01-10 08:00:00+09', '2025-01-10 08:00:00+09'),
('PRD003', 'PRODUCT', '복층유리', '복층유리 24T (8CL+8A+8CL) 로이', 24.00, '8mm 로이 + 8mm 아르곤 + 8mm 투명', '로이', 'M2', 55000, 75000, 0, 68000, NULL, 2.0, 2.5, 2, TRUE, '2025-01-12 09:00:00+09', '2025-01-12 09:00:00+09'),
('PRD004', 'PRODUCT', '복층유리', '복층유리 28T (10CL+8A+10CL) 브론즈', 28.00, '10mm 브론즈 + 8mm 공기층 + 10mm 투명', '브론즈', 'M2', 60000, 82000, 0, 75000, NULL, 2.2, 2.8, 2, TRUE, '2025-01-15 10:00:00+09', '2025-01-15 10:00:00+09'),
('PRD005', 'PRODUCT', '복층유리', '복층유리 32T (12CL+8A+12CL) 투명', 32.00, '12mm 투명 + 8mm 공기층 + 12mm 투명', '투명', 'M2', 68000, 92000, 0, 85000, NULL, 2.5, 3.0, 2, TRUE, '2025-01-18 11:00:00+09', '2025-01-18 11:00:00+09');

-- 원판 (RAW)
INSERT INTO hkgn.item_master (material_cd, material_type, category, material_nm, thickness, spec_remark, color_type, unit, cost_price, list_price, purchase_price, selling_price, supplier_cd, sf_count, mf_count, glass_count, is_active, created_at, updated_at) VALUES
('RAW001', 'RAW', '원판', '원판 5T 투명 (2440x3660)', 5.00, '2440mm x 3660mm 투명유리', '투명', 'EA', 18000, 25000, 17000, 0, 'P001', 0.8, 1.0, 1, TRUE, '2025-01-10 08:00:00+09', '2025-01-10 08:00:00+09'),
('RAW002', 'RAW', '원판', '원판 6T 투명 (2440x3660)', 6.00, '2440mm x 3660mm 투명유리', '투명', 'EA', 22000, 30000, 20000, 0, 'P001', 1.0, 1.2, 1, TRUE, '2025-01-10 08:00:00+09', '2025-01-10 08:00:00+09'),
('RAW003', 'RAW', '원판', '원판 8T 그린 (2440x3660)', 8.00, '2440mm x 3660mm 그린유리', '그린', 'EA', 28000, 38000, 26000, 0, 'P002', 1.2, 1.5, 1, TRUE, '2025-01-12 09:00:00+09', '2025-01-12 09:00:00+09'),
('RAW004', 'RAW', '원판', '원판 10T 브론즈 (2440x3660)', 10.00, '2440mm x 3660mm 브론즈유리', '브론즈', 'EA', 35000, 48000, 32000, 0, 'P002', 1.5, 1.8, 1, TRUE, '2025-01-15 10:00:00+09', '2025-01-15 10:00:00+09'),
('RAW005', 'RAW', '원판', '원판 12T 로이 (2440x3660)', 12.00, '2440mm x 3660mm 로이유리', '로이', 'EA', 42000, 58000, 38000, 0, 'P005', 1.8, 2.2, 1, TRUE, '2025-01-18 11:00:00+09', '2025-01-18 11:00:00+09');

-- 부자재 (SUB)
INSERT INTO hkgn.item_master (material_cd, material_type, category, material_nm, thickness, spec_remark, color_type, unit, cost_price, list_price, purchase_price, selling_price, supplier_cd, is_active, created_at, updated_at) VALUES
('SUB001', 'SUB', '스페이서', '알루미늄 스페이서 6A', 6.00, '6mm 알루미늄 스페이서', NULL, 'M', 1200, 1800, 1100, 0, 'P003', TRUE, '2025-01-10 08:00:00+09', '2025-01-10 08:00:00+09'),
('SUB002', 'SUB', '스페이서', '알루미늄 스페이서 8A', 8.00, '8mm 알루미늄 스페이서', NULL, 'M', 1400, 2000, 1300, 0, 'P003', TRUE, '2025-01-10 08:00:00+09', '2025-01-10 08:00:00+09'),
('SUB003', 'SUB', '스페이서', '알루미늄 스페이서 12A', 12.00, '12mm 알루미늄 스페이서', NULL, 'M', 1800, 2500, 1700, 0, 'P003', TRUE, '2025-01-12 09:00:00+09', '2025-01-12 09:00:00+09'),
('SUB004', 'SUB', '실란트', '1차 부틸 9.5mm', NULL, '1차 부틸 실란트', NULL, 'M', 2200, 3000, 2000, 0, 'P004', TRUE, '2025-01-15 10:00:00+09', '2025-01-15 10:00:00+09'),
('SUB005', 'SUB', '실란트', '2차 실리콘 검정', NULL, '2차 실리콘 실란트 검정', NULL, 'EA', 8500, 12000, 8000, 0, 'P004', TRUE, '2025-01-18 11:00:00+09', '2025-01-18 11:00:00+09');

-- 강화 (TEMPERED)
INSERT INTO hkgn.item_master (material_cd, material_type, category, material_nm, thickness, spec_remark, color_type, unit, cost_price, list_price, purchase_price, selling_price, supplier_cd, is_active, created_at, updated_at) VALUES
('TMP001', 'TEMPERED', '강화유리', '강화유리 5T 투명', 5.00, '5mm 강화유리 투명', '투명', 'M2', 12000, 18000, 0, 16000, NULL, TRUE, '2025-01-10 08:00:00+09', '2025-01-10 08:00:00+09'),
('TMP002', 'TEMPERED', '강화유리', '강화유리 6T 그린', 6.00, '6mm 강화유리 그린', '그린', 'M2', 14000, 20000, 0, 18000, NULL, TRUE, '2025-01-12 09:00:00+09', '2025-01-12 09:00:00+09');

-- 에칭 (ETCHED)
INSERT INTO hkgn.item_master (material_cd, material_type, category, material_nm, thickness, spec_remark, color_type, unit, cost_price, list_price, purchase_price, selling_price, supplier_cd, is_active, created_at, updated_at) VALUES
('ETC001', 'ETCHED', '에칭유리', '에칭유리 5T 무광', 5.00, '5mm 에칭유리 무광', NULL, 'M2', 15000, 22000, 0, 20000, NULL, TRUE, '2025-01-15 10:00:00+09', '2025-01-15 10:00:00+09'),
('ETC002', 'ETCHED', '에칭유리', '에칭유리 6T 유광', 6.00, '6mm 에칭유리 유광', NULL, 'M2', 18000, 25000, 0, 23000, NULL, TRUE, '2025-01-18 11:00:00+09', '2025-01-18 11:00:00+09');

-- 용기 (CONTAINER)
INSERT INTO hkgn.item_master (material_cd, material_type, category, material_nm, thickness, spec_remark, color_type, unit, cost_price, list_price, purchase_price, selling_price, supplier_cd, is_active, created_at, updated_at) VALUES
('CNT001', 'CONTAINER', '운반용기', '강철 운반틀 2440x3660용', NULL, '2440x3660 유리 운반용 강철틀', NULL, 'EA', 180000, 250000, 170000, 0, 'P003', TRUE, '2025-01-10 08:00:00+09', '2025-01-10 08:00:00+09');
-- ============================================
-- 테이블: site_master
-- 설명: 현장 마스터 샘플 데이터
-- 작성일: 2026-02-07
-- 스키마: hkgn
-- 데이터 수: 10개
-- ============================================

INSERT INTO hkgn.site_master (site_cd, site_nm, constructor_nm, bp_cd, address, remark, is_active, created_at, updated_at) VALUES
('SITE001', '강남 테헤란 오피스텔', '대한건설', 'S001', '서울시 강남구 테헤란로 789', '30층 규모 오피스텔 신축', TRUE, '2025-01-15 09:00:00+09', '2025-01-15 09:00:00+09'),
('SITE002', '판교 알파돔시티', '삼성종합건설', 'S002', '경기도 성남시 분당구 판교역로 234', '지하 5층, 지상 60층 복합단지', TRUE, '2025-01-16 10:00:00+09', '2025-01-16 10:00:00+09'),
('SITE003', '송도 센트럴파크 A동', '한화건설산업', 'S003', '인천시 연수구 송도동 센트럴로 100', '주상복합 45층', TRUE, '2025-01-20 11:00:00+09', '2025-01-20 11:00:00+09'),
('SITE004', '여의도 금융타워', '현대건설', 'S004', '서울시 영등포구 여의대로 300', '50층 업무용 빌딩', TRUE, '2025-02-01 09:30:00+09', '2025-02-01 09:30:00+09'),
('SITE005', '수원 광교 아이파크', 'GS건설', 'S005', '경기도 수원시 영통구 광교로 500', '아파트 10개동 1200세대', TRUE, '2025-02-05 14:00:00+09', '2025-02-05 14:00:00+09'),
('SITE006', '동탄2 호반베르디움', '대한건설', 'S001', '경기도 화성시 동탄순환대로 600', '아파트 15개동 1800세대', TRUE, '2025-01-22 10:00:00+09', '2025-01-22 10:00:00+09'),
('SITE007', '부산 해운대 엘시티', '삼성종합건설', 'S002', '부산시 해운대구 마린시티로 700', '주상복합 80층 랜드마크', TRUE, '2025-01-25 11:00:00+09', '2025-01-25 11:00:00+09'),
('SITE008', '대전 둔산 대우 푸르지오', '한화건설산업', 'S003', '대전시 서구 둔산로 800', '아파트 12개동 1500세대', TRUE, '2025-01-28 09:00:00+09', '2025-01-28 09:00:00+09'),
('SITE009', '광주 첨단 힐스테이트', '현대건설', 'S004', '광주시 광산구 첨단과기로 900', '아파트 8개동 900세대', TRUE, '2025-02-03 10:00:00+09', '2025-02-03 10:00:00+09'),
('SITE010', '인천 청라 더샵', 'GS건설', 'S005', '인천시 서구 청라호수로 1000', '아파트 20개동 2500세대', TRUE, '2025-02-06 11:00:00+09', '2025-02-06 11:00:00+09');
-- ============================================
-- 테이블: worker
-- 설명: 작업자 마스터 샘플 데이터
-- 작성일: 2026-02-07
-- 스키마: hkgn
-- 데이터 수: 12개
-- ============================================

INSERT INTO hkgn.worker (worker_cd, worker_nm, dept, position, prod_line, phone, is_active, created_at, updated_at) VALUES
-- 복층 부서
('W001', '김조립', '복층', '조립', '1호기', '010-1001-2001', TRUE, '2025-01-05 08:00:00+09', '2025-01-05 08:00:00+09'),
('W002', '이투입', '복층', '투입', '1호기', '010-1002-2002', TRUE, '2025-01-05 08:00:00+09', '2025-01-05 08:00:00+09'),
('W003', '박후처리', '복층', '후처리', '1호기', '010-1003-2003', TRUE, '2025-01-05 08:00:00+09', '2025-01-05 08:00:00+09'),
('W004', '정조립', '복층', '조립', '2호기', '010-1004-2004', TRUE, '2025-01-06 08:00:00+09', '2025-01-06 08:00:00+09'),
('W005', '최투입', '복층', '투입', '2호기', '010-1005-2005', TRUE, '2025-01-06 08:00:00+09', '2025-01-06 08:00:00+09'),

-- 강화 부서
('W006', '윤강화', '강화', '투입', NULL, '010-2001-3001', TRUE, '2025-01-07 08:00:00+09', '2025-01-07 08:00:00+09'),
('W007', '강후처리', '강화', '후처리', NULL, '010-2002-3002', TRUE, '2025-01-07 08:00:00+09', '2025-01-07 08:00:00+09'),

-- 재단 부서
('W008', '송재단', '재단', '재단', NULL, '010-3001-4001', TRUE, '2025-01-08 08:00:00+09', '2025-01-08 08:00:00+09'),
('W009', '전재단', '재단', '재단', NULL, '010-3002-4002', TRUE, '2025-01-08 08:00:00+09', '2025-01-08 08:00:00+09'),

-- 관리 부서
('W010', '조관리자', '관리', '관리자', NULL, '010-4001-5001', TRUE, '2025-01-09 08:00:00+09', '2025-01-09 08:00:00+09'),
('W011', '황지게차', '관리', '지게차', NULL, '010-4002-5002', TRUE, '2025-01-09 08:00:00+09', '2025-01-09 08:00:00+09'),
('W012', '민포장', '관리', '포장', NULL, '010-4003-5003', TRUE, '2025-01-10 08:00:00+09', '2025-01-10 08:00:00+09');
-- ============================================
-- 테이블: site_price
-- 설명: 현장별 유리사양 단가 정보 샘플 데이터 (DDL 일치 버전)
-- 작성일: 2026-02-07
-- 스키마: hkgn
-- 데이터 수: 20개
-- ============================================

INSERT INTO hkgn.site_price (site_cd, spec, remark, bid_price, proc_price, processing_cost, argon_cost, insul_cost, struct_cost, edge_cost, etching_cost, step_cost, deform_cost, temper1_cost, temper2_cost, temper3_cost, created_at, updated_at) VALUES
-- SITE001: 강남 테헤란 오피스텔
('SITE001', '5CL(HS)+12AR+5CL(HS) 22T', '아르곤 충진', 68000, 58000, 15000, 3000, 2000, 0, 1500, 0, 0, 0, 0, 0, 0, '2025-01-15 09:00:00+09', '2025-01-15 09:00:00+09'),
('SITE001', '6CL+12A+6CL 24T', '일반 복층', 55000, 48000, 12000, 0, 0, 0, 1200, 0, 0, 0, 0, 0, 0, '2025-01-15 09:00:00+09', '2025-01-15 09:00:00+09'),

-- SITE002: 판교 알파돔시티
('SITE002', '5CL+6A+5CL 16T', '투명 복층', 45000, 38000, 10000, 0, 0, 0, 1000, 0, 0, 0, 0, 0, 0, '2025-01-16 10:00:00+09', '2025-01-16 10:00:00+09'),
('SITE002', '6CL+12A+6CL 24T', '그린 복층', 54000, 47000, 12000, 0, 0, 0, 1200, 0, 0, 0, 0, 0, 0, '2025-01-16 10:00:00+09', '2025-01-16 10:00:00+09'),
('SITE002', '8CL(Low-E)+12AR+8CL 28T', '로이 아르곤', 72000, 62000, 16000, 3500, 2500, 0, 1500, 0, 0, 0, 0, 0, 0, '2025-01-16 10:00:00+09', '2025-01-16 10:00:00+09'),

-- SITE003: 송도 센트럴파크
('SITE003', '6CL+12A+6CL 24T', '그린 복층', 53000, 46000, 12000, 0, 0, 0, 1200, 0, 0, 0, 0, 0, 0, '2025-01-20 11:00:00+09', '2025-01-20 11:00:00+09'),
('SITE003', '8CL(Low-E)+8AR+8CL 24T', '로이 아르곤', 66000, 58000, 15000, 3000, 2000, 0, 1400, 0, 0, 0, 0, 0, 0, '2025-01-20 11:00:00+09', '2025-01-20 11:00:00+09'),

-- SITE004: 여의도 금융타워
('SITE004', '8CL(Low-E)+8AR+8CL 24T', '로이 아르곤', 70000, 61000, 16000, 3500, 2500, 0, 1500, 0, 0, 0, 0, 0, 0, '2025-02-01 09:30:00+09', '2025-02-01 09:30:00+09'),
('SITE004', '10CL+8A+10CL 28T', '브론즈 복층', 77000, 68000, 18000, 0, 0, 0, 1800, 0, 0, 0, 0, 0, 0, '2025-02-01 09:30:00+09', '2025-02-01 09:30:00+09'),
('SITE004', '12CL(Low-E)+12AR+12CL 36T', '로이 아르곤 특수', 95000, 85000, 22000, 5000, 3500, 0, 2000, 0, 0, 0, 0, 0, 0, '2025-02-01 09:30:00+09', '2025-02-01 09:30:00+09'),

-- SITE005: 광교 아이파크
('SITE005', '5CL+6A+5CL 16T', '투명 복층', 43000, 37000, 10000, 0, 0, 0, 1000, 0, 0, 0, 0, 0, 0, '2025-02-05 14:00:00+09', '2025-02-05 14:00:00+09'),
('SITE005', '6CL+12A+6CL 24T', '그린 복층', 52000, 45000, 12000, 0, 0, 0, 1200, 0, 0, 0, 0, 0, 0, '2025-02-05 14:00:00+09', '2025-02-05 14:00:00+09'),

-- SITE006: 동탄 호반베르디움
('SITE006', '5CL+6A+5CL 16T', '투명 복층', 43000, 37000, 10000, 0, 0, 0, 1000, 0, 0, 0, 0, 0, 0, '2025-01-22 10:00:00+09', '2025-01-22 10:00:00+09'),
('SITE006', '8CL(Low-E)+12AR+8CL 28T', '로이 아르곤', 65000, 57000, 15000, 3000, 2000, 0, 1400, 0, 0, 0, 0, 0, 0, '2025-01-22 10:00:00+09', '2025-01-22 10:00:00+09'),

-- SITE007: 부산 엘시티
('SITE007', '8CL(Low-E)+8AR+8CL 24T', '로이 아르곤', 66000, 58000, 15000, 3000, 2000, 0, 1400, 0, 0, 0, 0, 0, 0, '2025-01-25 11:00:00+09', '2025-01-25 11:00:00+09'),
('SITE007', '12CL+8A+12CL 32T', '투명 초고층', 83000, 75000, 20000, 0, 0, 0, 1800, 0, 0, 0, 0, 0, 0, '2025-01-25 11:00:00+09', '2025-01-25 11:00:00+09'),

-- SITE008: 대전 푸르지오
('SITE008', '5CL+6A+5CL 16T', '투명 복층', 43000, 37000, 10000, 0, 0, 0, 1000, 0, 0, 0, 0, 0, 0, '2025-01-28 09:00:00+09', '2025-01-28 09:00:00+09'),
('SITE008', '6CL+12A+6CL 24T', '그린 복층', 52000, 45000, 12000, 0, 0, 0, 1200, 0, 0, 0, 0, 0, 0, '2025-01-28 09:00:00+09', '2025-01-28 09:00:00+09');
-- ============================================
-- 테이블: standard_terms
-- 설명: 표준 용어 샘플 데이터 (DDL 일치 버전)
-- 작성일: 2026-02-07
-- 스키마: hkgn
-- 데이터 수: 30개
-- ============================================

INSERT INTO hkgn.standard_terms (term_group, term_code, term_name_kr, term_name_en, description, abbreviation, sort_order, is_active, created_at, updated_at) VALUES
-- PAYMENT: 결제조건
('PAYMENT', 'NET30', '30일 후 지급', 'Net 30 Days', '상품 인도 후 30일 이내 지급', 'NET30', 10, TRUE, '2025-01-05 08:00:00+09', '2025-01-05 08:00:00+09'),
('PAYMENT', 'NET60', '60일 후 지급', 'Net 60 Days', '상품 인도 후 60일 이내 지급', 'NET60', 20, TRUE, '2025-01-05 08:00:00+09', '2025-01-05 08:00:00+09'),
('PAYMENT', 'NET90', '90일 후 지급', 'Net 90 Days', '상품 인도 후 90일 이내 지급', 'NET90', 30, TRUE, '2025-01-05 08:00:00+09', '2025-01-05 08:00:00+09'),
('PAYMENT', 'COD', '착불', 'Cash On Delivery', '상품 인도 시 현금 결제', 'COD', 40, TRUE, '2025-01-05 08:00:00+09', '2025-01-05 08:00:00+09'),
('PAYMENT', 'PREPAY', '선불', 'Prepayment', '상품 인도 전 선지급', 'PREPAY', 50, TRUE, '2025-01-05 08:00:00+09', '2025-01-05 08:00:00+09'),
('PAYMENT', 'CIA', '선입금', 'Cash In Advance', '주문 시 전액 선입금', 'CIA', 60, TRUE, '2025-01-05 08:00:00+09', '2025-01-05 08:00:00+09'),

-- DELIVERY: 배송조건
('DELIVERY', 'EXW', '공장인도조건', 'Ex Works', '공장에서 인도, 이후 구매자 책임', 'EXW', 10, TRUE, '2025-01-06 08:00:00+09', '2025-01-06 08:00:00+09'),
('DELIVERY', 'FOB', '본선인도조건', 'Free On Board', '본선 적재 시까지 판매자 책임', 'FOB', 20, TRUE, '2025-01-06 08:00:00+09', '2025-01-06 08:00:00+09'),
('DELIVERY', 'CIF', '운임보험료포함인도', 'Cost Insurance Freight', '목적항까지 운임, 보험료 포함', 'CIF', 30, TRUE, '2025-01-06 08:00:00+09', '2025-01-06 08:00:00+09'),
('DELIVERY', 'DDP', '관세지급인도', 'Delivered Duty Paid', '목적지까지 모든 비용 부담', 'DDP', 40, TRUE, '2025-01-06 08:00:00+09', '2025-01-06 08:00:00+09'),
('DELIVERY', 'DAP', '목적지인도', 'Delivered At Place', '지정 목적지 인도, 관세 제외', 'DAP', 50, TRUE, '2025-01-06 08:00:00+09', '2025-01-06 08:00:00+09'),
('DELIVERY', 'FCA', '운송인인도', 'Free Carrier', '지정 장소에서 운송인에게 인도', 'FCA', 60, TRUE, '2025-01-06 08:00:00+09', '2025-01-06 08:00:00+09'),

-- QUALITY: 품질기준
('QUALITY', 'ISO9001', 'ISO 9001 품질경영', 'ISO 9001', 'ISO 9001 품질경영시스템 인증', 'ISO9001', 10, TRUE, '2025-01-07 08:00:00+09', '2025-01-07 08:00:00+09'),
('QUALITY', 'KSL2003', 'KS L 2003 복층유리', 'KS L 2003', '한국산업표준 복층유리 규격', 'KSL2003', 20, TRUE, '2025-01-07 08:00:00+09', '2025-01-07 08:00:00+09'),
('QUALITY', 'KSL2004', 'KS L 2004 강화유리', 'KS L 2004', '한국산업표준 강화유리 규격', 'KSL2004', 30, TRUE, '2025-01-07 08:00:00+09', '2025-01-07 08:00:00+09'),
('QUALITY', 'AQL1.0', 'AQL 1.0 검사기준', 'AQL 1.0', '허용품질수준 1.0% 검사기준', 'AQL1.0', 40, TRUE, '2025-01-07 08:00:00+09', '2025-01-07 08:00:00+09'),
('QUALITY', 'AQL2.5', 'AQL 2.5 검사기준', 'AQL 2.5', '허용품질수준 2.5% 검사기준', 'AQL2.5', 50, TRUE, '2025-01-07 08:00:00+09', '2025-01-07 08:00:00+09'),
('QUALITY', 'ZERO_DEFECT', '무결점 품질', 'Zero Defect', '불량률 0% 목표 품질관리', 'ZD', 60, TRUE, '2025-01-07 08:00:00+09', '2025-01-07 08:00:00+09'),

-- TRANSPORT: 운송수단
('TRANSPORT', 'TRUCK', '트럭운송', 'Truck', '육상 트럭 운송', 'TRUCK', 10, TRUE, '2025-01-08 08:00:00+09', '2025-01-08 08:00:00+09'),
('TRANSPORT', 'CARGO', '화물차', 'Cargo', '소형 화물차 운송', 'CARGO', 20, TRUE, '2025-01-08 08:00:00+09', '2025-01-08 08:00:00+09'),
('TRANSPORT', 'CONTAINER', '컨테이너', 'Container', '컨테이너 운송', 'CONT', 30, TRUE, '2025-01-08 08:00:00+09', '2025-01-08 08:00:00+09'),
('TRANSPORT', 'SHIP', '선박', 'Ship', '해상 선박 운송', 'SHIP', 40, TRUE, '2025-01-08 08:00:00+09', '2025-01-08 08:00:00+09'),

-- PACKING: 포장방법
('PACKING', 'WOOD_CRATE', '나무상자', 'Wooden Crate', '나무 상자 포장', 'WCRATE', 10, TRUE, '2025-01-09 08:00:00+09', '2025-01-09 08:00:00+09'),
('PACKING', 'STEEL_FRAME', '강철틀', 'Steel Frame', '강철 운반틀 포장', 'SFRAME', 20, TRUE, '2025-01-09 08:00:00+09', '2025-01-09 08:00:00+09'),
('PACKING', 'VINYL_WRAP', '비닐포장', 'Vinyl Wrap', '비닐 랩 포장', 'VINYL', 30, TRUE, '2025-01-09 08:00:00+09', '2025-01-09 08:00:00+09'),
('PACKING', 'EPE_FOAM', 'EPE 완충재', 'EPE Foam', 'EPE 폼 완충 포장', 'EPE', 40, TRUE, '2025-01-09 08:00:00+09', '2025-01-09 08:00:00+09'),
('PACKING', 'PAPER_INTERLEAVE', '종이 삽지', 'Paper Interleaving', '종이 삽지 포장', 'PAPER', 50, TRUE, '2025-01-09 08:00:00+09', '2025-01-09 08:00:00+09'),

-- URGENCY: 긴급도
('URGENCY', 'NORMAL', '일반', 'Normal', '일반 납기', 'NORM', 10, TRUE, '2025-01-10 08:00:00+09', '2025-01-10 08:00:00+09'),
('URGENCY', 'URGENT', '긴급', 'Urgent', '긴급 납기', 'URG', 20, TRUE, '2025-01-10 08:00:00+09', '2025-01-10 08:00:00+09'),
('URGENCY', 'ASAP', '최우선', 'ASAP', '최우선 납기', 'ASAP', 30, TRUE, '2025-01-10 08:00:00+09', '2025-01-10 08:00:00+09');
-- ============================================
-- 테이블: production_plan
-- 설명: 생산 계획 헤더 샘플 데이터
-- 작성일: 2026-02-07
-- 스키마: hkgn
-- 데이터 수: 15개
-- ============================================

INSERT INTO hkgn.production_plan (plan_no, plan_date, plan_type, plan_status, confirmed_at, confirmed_by, remarks, created_at, updated_at) VALUES
('PLAN202501001', '2025-01-20', 'DAILY', 'COMPLETED', '2025-01-20 08:00:00+09', 'W010', 'SO202501001 대응', '2025-01-19 16:00:00+09', '2025-01-21 18:00:00+09'),
('PLAN202501002', '2025-01-21', 'DAILY', 'COMPLETED', '2025-01-21 08:00:00+09', 'W010', 'SO202501001 연속', '2025-01-20 16:00:00+09', '2025-01-22 18:00:00+09'),
('PLAN202501003', '2025-01-22', 'DAILY', 'COMPLETED', '2025-01-22 08:00:00+09', 'W010', 'SO202501002 시작', '2025-01-21 16:00:00+09', '2025-01-23 18:00:00+09'),
('PLAN202501004', '2025-01-23', 'DAILY', 'COMPLETED', '2025-01-23 08:00:00+09', 'W010', 'SO202501002 연속', '2025-01-22 16:00:00+09', '2025-01-24 18:00:00+09'),
('PLAN202501005', '2025-01-24', 'DAILY', 'COMPLETED', '2025-01-24 08:00:00+09', 'W010', 'SO202501003 시작', '2025-01-23 16:00:00+09', '2025-01-25 18:00:00+09'),
('PLAN202501006', '2025-01-27', 'DAILY', 'COMPLETED', '2025-01-27 08:00:00+09', 'W010', 'SO202501003 연속', '2025-01-26 16:00:00+09', '2025-01-28 18:00:00+09'),
('PLAN202501007', '2025-01-28', 'DAILY', 'COMPLETED', '2025-01-28 08:00:00+09', 'W010', 'SO202501004 시작', '2025-01-27 16:00:00+09', '2025-01-29 18:00:00+09'),
('PLAN202501008', '2025-01-29', 'DAILY', 'COMPLETED', '2025-01-29 08:00:00+09', 'W010', 'SO202501004 진행', '2025-01-28 16:00:00+09', '2025-01-30 18:00:00+09'),
('PLAN202501009', '2025-01-30', 'DAILY', 'COMPLETED', '2025-01-30 08:00:00+09', 'W010', 'SO202501005 시작', '2025-01-29 16:00:00+09', '2025-01-31 18:00:00+09'),
('PLAN202501010', '2025-01-31', 'DAILY', 'COMPLETED', '2025-01-31 08:00:00+09', 'W010', 'SO202501005 연속', '2025-01-30 16:00:00+09', '2025-02-01 18:00:00+09'),
('PLAN202502001', '2025-02-03', 'DAILY', 'PROCESSING', '2025-02-03 08:00:00+09', 'W010', 'SO202502001 시작', '2025-02-02 16:00:00+09', '2025-02-03 16:00:00+09'),
('PLAN202502002', '2025-02-04', 'DAILY', 'PROCESSING', '2025-02-04 08:00:00+09', 'W010', 'SO202502001 연속', '2025-02-03 16:00:00+09', '2025-02-04 16:00:00+09'),
('PLAN202502003', '2025-02-05', 'DAILY', 'CONFIRMED', '2025-02-05 08:00:00+09', 'W010', 'SO202502002 시작', '2025-02-04 16:00:00+09', '2025-02-05 08:00:00+09'),
('PLAN202502004', '2025-02-06', 'DAILY', 'CONFIRMED', '2025-02-06 08:00:00+09', 'W010', 'SO202502002 연속', '2025-02-05 16:00:00+09', '2025-02-06 08:00:00+09'),
('PLAN202502005', '2025-02-07', 'DAILY', 'DRAFT', NULL, NULL, 'SO202502003 예정', '2025-02-06 16:00:00+09', '2025-02-06 16:00:00+09');
-- ============================================
-- 테이블: production_plan_detail
-- 설명: 생산 계획 상세 샘플 데이터 (DDL 일치 버전)
-- 작성일: 2026-02-07
-- 스키마: hkgn
-- 데이터 수: 30개 (계획별 평균 2개)
-- ============================================

INSERT INTO hkgn.production_plan_detail (plan_no, line_no, order_no, order_line_no, material_cd, material_nm, plan_qty, unit, produced_qty, priority, remarks, created_at, updated_at) VALUES
-- PLAN202501001 (1월 20일) - 완료
('PLAN202501001', 1, 'SO202501001', 1, 'PRD001', '복층유리 16T (5CL+6A+5CL) 투명', 100, 'M2', 100, 1, 'SO202501001 1번라인 절반', '2025-01-19 16:00:00+09', '2025-01-20 18:00:00+09'),
('PLAN202501001', 2, 'SO202501001', 2, 'PRD002', '복층유리 22T (6CL+12A+6CL) 그린', 50, 'M2', 50, 2, 'SO202501001 2번라인 절반', '2025-01-19 16:00:00+09', '2025-01-20 18:00:00+09'),

-- PLAN202501002 (1월 21일) - 완료
('PLAN202501002', 1, 'SO202501001', 1, 'PRD001', '복층유리 16T (5CL+6A+5CL) 투명', 100, 'M2', 100, 1, 'SO202501001 1번라인 완료', '2025-01-20 16:00:00+09', '2025-01-21 18:00:00+09'),
('PLAN202501002', 2, 'SO202501001', 2, 'PRD002', '복층유리 22T (6CL+12A+6CL) 그린', 50, 'M2', 50, 2, 'SO202501001 2번라인 완료', '2025-01-20 16:00:00+09', '2025-01-21 18:00:00+09'),

-- PLAN202501003 (1월 22일) - 완료
('PLAN202501003', 1, 'SO202501002', 1, 'PRD001', '복층유리 16T (5CL+6A+5CL) 투명', 150, 'M2', 150, 1, 'SO202501002 시작', '2025-01-21 16:00:00+09', '2025-01-22 18:00:00+09'),
('PLAN202501003', 2, 'SO202501002', 2, 'PRD002', '복층유리 22T (6CL+12A+6CL) 그린', 100, 'M2', 100, 2, 'SO202501002 시작', '2025-01-21 16:00:00+09', '2025-01-22 18:00:00+09'),

-- PLAN202501004 (1월 23일) - 완료
('PLAN202501004', 1, 'SO202501002', 1, 'PRD001', '복층유리 16T (5CL+6A+5CL) 투명', 150, 'M2', 150, 1, 'SO202501002 완료', '2025-01-22 16:00:00+09', '2025-01-23 18:00:00+09'),
('PLAN202501004', 2, 'SO202501002', 2, 'PRD002', '복층유리 22T (6CL+12A+6CL) 그린', 100, 'M2', 100, 2, 'SO202501002 완료', '2025-01-22 16:00:00+09', '2025-01-23 18:00:00+09'),

-- PLAN202501005 (1월 24일) - 완료
('PLAN202501005', 1, 'SO202501003', 1, 'PRD002', '복층유리 22T (6CL+12A+6CL) 그린', 125, 'M2', 125, 1, 'SO202501003 시작', '2025-01-23 16:00:00+09', '2025-01-24 18:00:00+09'),
('PLAN202501005', 2, 'SO202501003', 2, 'PRD003', '복층유리 24T (8CL+8A+8CL) 로이', 35, 'M2', 35, 2, 'SO202501003 시작', '2025-01-23 16:00:00+09', '2025-01-24 18:00:00+09'),

-- PLAN202501006 (1월 27일) - 완료
('PLAN202501006', 1, 'SO202501003', 1, 'PRD002', '복층유리 22T (6CL+12A+6CL) 그린', 125, 'M2', 125, 1, 'SO202501003 완료', '2025-01-26 16:00:00+09', '2025-01-27 18:00:00+09'),
('PLAN202501006', 2, 'SO202501003', 2, 'PRD003', '복층유리 24T (8CL+8A+8CL) 로이', 35, 'M2', 35, 2, 'SO202501003 완료', '2025-01-26 16:00:00+09', '2025-01-27 18:00:00+09'),

-- PLAN202501007 (1월 28일) - 완료
('PLAN202501007', 1, 'SO202501004', 1, 'PRD003', '복층유리 24T (8CL+8A+8CL) 로이', 150, 'M2', 150, 1, 'SO202501004 시작', '2025-01-27 16:00:00+09', '2025-01-28 18:00:00+09'),
('PLAN202501007', 2, 'SO202501004', 2, 'PRD004', '복층유리 28T (10CL+8A+10CL) 브론즈', 75, 'M2', 75, 2, 'SO202501004 시작', '2025-01-27 16:00:00+09', '2025-01-28 18:00:00+09'),

-- PLAN202501008 (1월 29일) - 완료
('PLAN202501008', 1, 'SO202501004', 1, 'PRD003', '복층유리 24T (8CL+8A+8CL) 로이', 150, 'M2', 150, 1, 'SO202501004 진행', '2025-01-28 16:00:00+09', '2025-01-29 18:00:00+09'),
('PLAN202501008', 2, 'SO202501004', 2, 'PRD004', '복층유리 28T (10CL+8A+10CL) 브론즈', 75, 'M2', 75, 2, 'SO202501004 진행', '2025-01-28 16:00:00+09', '2025-01-29 18:00:00+09'),

-- PLAN202501009 (1월 30일) - 완료
('PLAN202501009', 1, 'SO202501005', 1, 'PRD001', '복층유리 16T (5CL+6A+5CL) 투명', 200, 'M2', 200, 1, 'SO202501005 시작', '2025-01-29 16:00:00+09', '2025-01-30 18:00:00+09'),
('PLAN202501009', 2, 'SO202501005', 2, 'PRD002', '복층유리 22T (6CL+12A+6CL) 그린', 100, 'M2', 100, 2, 'SO202501005 시작', '2025-01-29 16:00:00+09', '2025-01-30 18:00:00+09'),

-- PLAN202501010 (1월 31일) - 완료
('PLAN202501010', 1, 'SO202501005', 1, 'PRD001', '복층유리 16T (5CL+6A+5CL) 투명', 200, 'M2', 200, 1, 'SO202501005 완료', '2025-01-30 16:00:00+09', '2025-01-31 18:00:00+09'),
('PLAN202501010', 2, 'SO202501005', 2, 'PRD002', '복층유리 22T (6CL+12A+6CL) 그린', 100, 'M2', 100, 2, 'SO202501005 완료', '2025-01-30 16:00:00+09', '2025-01-31 18:00:00+09'),

-- PLAN202502001 (2월 3일) - 진행중
('PLAN202502001', 1, 'SO202502001', 1, 'PRD001', '복층유리 16T (5CL+6A+5CL) 투명', 250, 'M2', 125, 1, 'SO202502001 시작', '2025-02-02 16:00:00+09', '2025-02-03 16:00:00+09'),
('PLAN202502001', 2, 'SO202502001', 2, 'PRD003', '복층유리 24T (8CL+8A+8CL) 로이', 100, 'M2', 50, 2, 'SO202502001 시작', '2025-02-02 16:00:00+09', '2025-02-03 16:00:00+09'),

-- PLAN202502002 (2월 4일) - 진행중
('PLAN202502002', 1, 'SO202502001', 1, 'PRD001', '복층유리 16T (5CL+6A+5CL) 투명', 250, 'M2', 125, 1, 'SO202502001 연속', '2025-02-03 16:00:00+09', '2025-02-04 16:00:00+09'),
('PLAN202502002', 2, 'SO202502001', 2, 'PRD003', '복층유리 24T (8CL+8A+8CL) 로이', 100, 'M2', 50, 2, 'SO202502001 연속', '2025-02-03 16:00:00+09', '2025-02-04 16:00:00+09'),

-- PLAN202502003 (2월 5일) - 확정
('PLAN202502003', 1, 'SO202502002', 1, 'PRD003', '복층유리 24T (8CL+8A+8CL) 로이', 200, 'M2', 0, 1, 'SO202502002 시작', '2025-02-04 16:00:00+09', '2025-02-05 08:00:00+09'),
('PLAN202502003', 2, 'SO202502002', 2, 'PRD005', '복층유리 32T (12CL+8A+12CL) 투명', 100, 'M2', 0, 2, 'SO202502002 시작', '2025-02-04 16:00:00+09', '2025-02-05 08:00:00+09'),

-- PLAN202502004 (2월 6일) - 확정
('PLAN202502004', 1, 'SO202502002', 1, 'PRD003', '복층유리 24T (8CL+8A+8CL) 로이', 200, 'M2', 0, 1, 'SO202502002 연속', '2025-02-05 16:00:00+09', '2025-02-06 08:00:00+09'),
('PLAN202502004', 2, 'SO202502002', 2, 'PRD005', '복층유리 32T (12CL+8A+12CL) 투명', 100, 'M2', 0, 2, 'SO202502002 연속', '2025-02-05 16:00:00+09', '2025-02-06 08:00:00+09'),

-- PLAN202502005 (2월 7일) - 작성중
('PLAN202502005', 1, 'SO202502003', 1, 'PRD001', '복층유리 16T (5CL+6A+5CL) 투명', 175, 'M2', 0, 1, 'SO202502003 예정', '2025-02-06 16:00:00+09', '2025-02-06 16:00:00+09'),
('PLAN202502005', 2, 'SO202502003', 2, 'PRD002', '복층유리 22T (6CL+12A+6CL) 그린', 65, 'M2', 0, 2, 'SO202502003 예정', '2025-02-06 16:00:00+09', '2025-02-06 16:00:00+09');
-- ============================================
-- 테이블: production_result
-- 설명: 생산 실적 샘플 데이터 (DDL 일치 버전)
-- 작성일: 2026-02-07
-- 스키마: hkgn
-- 데이터 수: 20개
-- ============================================

INSERT INTO hkgn.production_result (production_no, production_date, plan_no, plan_line_no, order_no, material_cd, material_nm, good_qty, defect_qty, total_qty, unit, worker_cd, defect_reason, remarks, created_at, updated_at) VALUES
-- 1월 20일 생산
('PR202501200001', '2025-01-20', 'PLAN202501001', 1, 'SO202501001', 'PRD001', '복층유리 16T (5CL+6A+5CL) 투명', 98, 2, 100, 'M2', 'W001', '버블 2개소', '1호기 생산', '2025-01-20 18:00:00+09', '2025-01-20 18:00:00+09'),
('PR202501200002', '2025-01-20', 'PLAN202501001', 2, 'SO202501001', 'PRD002', '복층유리 22T (6CL+12A+6CL) 그린', 49, 1, 50, 'M2', 'W004', '실란트 불량', '2호기 생산', '2025-01-20 18:00:00+09', '2025-01-20 18:00:00+09'),

-- 1월 21일 생산
('PR202501210001', '2025-01-21', 'PLAN202501002', 1, 'SO202501001', 'PRD001', '복층유리 16T (5CL+6A+5CL) 투명', 100, 0, 100, 'M2', 'W001', NULL, '1호기 생산', '2025-01-21 18:00:00+09', '2025-01-21 18:00:00+09'),
('PR202501210002', '2025-01-21', 'PLAN202501002', 2, 'SO202501001', 'PRD002', '복층유리 22T (6CL+12A+6CL) 그린', 50, 0, 50, 'M2', 'W004', NULL, '2호기 생산', '2025-01-21 18:00:00+09', '2025-01-21 18:00:00+09'),

-- 1월 22일 생산
('PR202501220001', '2025-01-22', 'PLAN202501003', 1, 'SO202501002', 'PRD001', '복층유리 16T (5CL+6A+5CL) 투명', 148, 2, 150, 'M2', 'W001', '스크래치 1, 버블 1', '1호기 생산', '2025-01-22 18:00:00+09', '2025-01-22 18:00:00+09'),
('PR202501220002', '2025-01-22', 'PLAN202501003', 2, 'SO202501002', 'PRD002', '복층유리 22T (6CL+12A+6CL) 그린', 100, 0, 100, 'M2', 'W004', NULL, '2호기 생산', '2025-01-22 18:00:00+09', '2025-01-22 18:00:00+09'),

-- 1월 23일 생산
('PR202501230001', '2025-01-23', 'PLAN202501004', 1, 'SO202501002', 'PRD001', '복층유리 16T (5CL+6A+5CL) 투명', 150, 0, 150, 'M2', 'W001', NULL, '1호기 생산', '2025-01-23 18:00:00+09', '2025-01-23 18:00:00+09'),
('PR202501230002', '2025-01-23', 'PLAN202501004', 2, 'SO202501002', 'PRD002', '복층유리 22T (6CL+12A+6CL) 그린', 99, 1, 100, 'M2', 'W004', '사이즈 불량', '2호기 생산', '2025-01-23 18:00:00+09', '2025-01-23 18:00:00+09'),

-- 1월 24일 생산
('PR202501240001', '2025-01-24', 'PLAN202501005', 1, 'SO202501003', 'PRD002', '복층유리 22T (6CL+12A+6CL) 그린', 125, 0, 125, 'M2', 'W001', NULL, '1호기 생산', '2025-01-24 18:00:00+09', '2025-01-24 18:00:00+09'),
('PR202501240002', '2025-01-24', 'PLAN202501005', 2, 'SO202501003', 'PRD003', '복층유리 24T (8CL+8A+8CL) 로이', 35, 0, 35, 'M2', 'W004', NULL, '2호기 생산', '2025-01-24 18:00:00+09', '2025-01-24 18:00:00+09'),

-- 1월 27일 생산
('PR202501270001', '2025-01-27', 'PLAN202501006', 1, 'SO202501003', 'PRD002', '복층유리 22T (6CL+12A+6CL) 그린', 124, 1, 125, 'M2', 'W001', '버블 1개소', '1호기 생산', '2025-01-27 18:00:00+09', '2025-01-27 18:00:00+09'),
('PR202501270002', '2025-01-27', 'PLAN202501006', 2, 'SO202501003', 'PRD003', '복층유리 24T (8CL+8A+8CL) 로이', 35, 0, 35, 'M2', 'W004', NULL, '2호기 생산', '2025-01-27 18:00:00+09', '2025-01-27 18:00:00+09'),

-- 1월 28일 생산
('PR202501280001', '2025-01-28', 'PLAN202501007', 1, 'SO202501004', 'PRD003', '복층유리 24T (8CL+8A+8CL) 로이', 148, 2, 150, 'M2', 'W001', '로이 코팅 불량 2', '1호기 생산', '2025-01-28 18:00:00+09', '2025-01-28 18:00:00+09'),
('PR202501280002', '2025-01-28', 'PLAN202501007', 2, 'SO202501004', 'PRD004', '복층유리 28T (10CL+8A+10CL) 브론즈', 74, 1, 75, 'M2', 'W004', '버블 1개소', '2호기 생산', '2025-01-28 18:00:00+09', '2025-01-28 18:00:00+09'),

-- 1월 29일 생산
('PR202501290001', '2025-01-29', 'PLAN202501008', 1, 'SO202501004', 'PRD003', '복층유리 24T (8CL+8A+8CL) 로이', 150, 0, 150, 'M2', 'W001', NULL, '1호기 생산', '2025-01-29 18:00:00+09', '2025-01-29 18:00:00+09'),
('PR202501290002', '2025-01-29', 'PLAN202501008', 2, 'SO202501004', 'PRD004', '복층유리 28T (10CL+8A+10CL) 브론즈', 75, 0, 75, 'M2', 'W004', NULL, '2호기 생산', '2025-01-29 18:00:00+09', '2025-01-29 18:00:00+09'),

-- 1월 30일 생산
('PR202501300001', '2025-01-30', 'PLAN202501009', 1, 'SO202501005', 'PRD001', '복층유리 16T (5CL+6A+5CL) 투명', 199, 1, 200, 'M2', 'W001', '엣지 불량', '1호기 생산', '2025-01-30 18:00:00+09', '2025-01-30 18:00:00+09'),
('PR202501300002', '2025-01-30', 'PLAN202501009', 2, 'SO202501005', 'PRD002', '복층유리 22T (6CL+12A+6CL) 그린', 100, 0, 100, 'M2', 'W004', NULL, '2호기 생산', '2025-01-30 18:00:00+09', '2025-01-30 18:00:00+09'),

-- 1월 31일 생산
('PR202501310001', '2025-01-31', 'PLAN202501010', 1, 'SO202501005', 'PRD001', '복층유리 16T (5CL+6A+5CL) 투명', 200, 0, 200, 'M2', 'W001', NULL, '1호기 생산', '2025-01-31 18:00:00+09', '2025-01-31 18:00:00+09'),
('PR202501310002', '2025-01-31', 'PLAN202501010', 2, 'SO202501005', 'PRD002', '복층유리 22T (6CL+12A+6CL) 그린', 100, 0, 100, 'M2', 'W004', NULL, '2호기 생산', '2025-01-31 18:00:00+09', '2025-01-31 18:00:00+09');
-- ============================================
-- 테이블: cutting_daily_report
-- 설명: 재단 일보 샘플 데이터 (DDL 일치 버전)
-- 작성일: 2026-02-07
-- 스키마: hkgn
-- 데이터 수: 15개
-- ============================================

INSERT INTO hkgn.cutting_daily_report (report_no, report_date, raw_material_cd, raw_thickness, raw_color, raw_qty, good_qty, defect_qty, unit, worker_cd, defect_reason, remarks, created_at, updated_at) VALUES
-- 1월 20일
('CUT202501200001', '2025-01-20', 'RAW001', 5.00, '투명', 20, 19, 1, 'EA', 'W008', '모서리 파손', '1호 재단기', '2025-01-20 18:00:00+09', '2025-01-20 18:00:00+09'),
('CUT202501200002', '2025-01-20', 'RAW002', 6.00, '투명', 15, 15, 0, 'EA', 'W009', NULL, '2호 재단기', '2025-01-20 18:00:00+09', '2025-01-20 18:00:00+09'),

-- 1월 21일
('CUT202501210001', '2025-01-21', 'RAW001', 5.00, '투명', 22, 21, 1, 'EA', 'W008', '크랙 발생', '1호 재단기', '2025-01-21 18:00:00+09', '2025-01-21 18:00:00+09'),
('CUT202501210002', '2025-01-21', 'RAW003', 8.00, '그린', 18, 18, 0, 'EA', 'W009', NULL, '2호 재단기', '2025-01-21 18:00:00+09', '2025-01-21 18:00:00+09'),

-- 1월 22일
('CUT202501220001', '2025-01-22', 'RAW002', 6.00, '투명', 25, 24, 1, 'EA', 'W008', '사이즈 오차', '1호 재단기', '2025-01-22 18:00:00+09', '2025-01-22 18:00:00+09'),
('CUT202501220002', '2025-01-22', 'RAW003', 8.00, '그린', 20, 20, 0, 'EA', 'W009', NULL, '2호 재단기', '2025-01-22 18:00:00+09', '2025-01-22 18:00:00+09'),

-- 1월 23일
('CUT202501230001', '2025-01-23', 'RAW004', 10.00, '브론즈', 30, 29, 1, 'EA', 'W008', '표면 스크래치', '1호 재단기', '2025-01-23 18:00:00+09', '2025-01-23 18:00:00+09'),
('CUT202501230002', '2025-01-23', 'RAW005', 12.00, '로이', 25, 25, 0, 'EA', 'W009', NULL, '2호 재단기', '2025-01-23 18:00:00+09', '2025-01-23 18:00:00+09'),

-- 1월 24일
('CUT202501240001', '2025-01-24', 'RAW001', 5.00, '투명', 28, 27, 1, 'EA', 'W008', '모서리 깨짐', '1호 재단기', '2025-01-24 18:00:00+09', '2025-01-24 18:00:00+09'),
('CUT202501240002', '2025-01-24', 'RAW003', 8.00, '그린', 22, 22, 0, 'EA', 'W009', NULL, '2호 재단기', '2025-01-24 18:00:00+09', '2025-01-24 18:00:00+09'),

-- 1월 27일
('CUT202501270001', '2025-01-27', 'RAW002', 6.00, '투명', 24, 24, 0, 'EA', 'W008', NULL, '1호 재단기', '2025-01-27 18:00:00+09', '2025-01-27 18:00:00+09'),
('CUT202501270002', '2025-01-27', 'RAW004', 10.00, '브론즈', 26, 25, 1, 'EA', 'W009', '크랙', '2호 재단기', '2025-01-27 18:00:00+09', '2025-01-27 18:00:00+09'),

-- 1월 28일
('CUT202501280001', '2025-01-28', 'RAW005', 12.00, '로이', 32, 31, 1, 'EA', 'W008', '로이 코팅 불량', '1호 재단기', '2025-01-28 18:00:00+09', '2025-01-28 18:00:00+09'),
('CUT202501280002', '2025-01-28', 'RAW003', 8.00, '그린', 28, 28, 0, 'EA', 'W009', NULL, '2호 재단기', '2025-01-28 18:00:00+09', '2025-01-28 18:00:00+09');
-- ============================================
-- 테이블: sales_order_header
-- 설명: 수주 헤더 샘플 데이터
-- 작성일: 2026-02-07
-- 스키마: hkgn
-- 데이터 수: 15개
-- ============================================

INSERT INTO hkgn.sales_order_header (order_no, order_date, delivery_date, customer_cd, site_cd, site_address, total_amount, tax_amount, remarks, order_status, is_urgent, created_at, updated_at) VALUES
('SO202501001', '2025-01-15', '2025-02-15', 'S001', 'SITE001', '서울시 강남구 테헤란로 789', 15000000, 1500000, '오피스텔 1차 물량', 'COMPLETED', FALSE, '2025-01-15 10:00:00+09', '2025-02-20 16:00:00+09'),
('SO202501002', '2025-01-16', '2025-02-20', 'S002', 'SITE002', '경기도 성남시 분당구 판교역로 234', 25000000, 2500000, '알파돔시티 A동', 'COMPLETED', FALSE, '2025-01-16 11:00:00+09', '2025-02-25 15:00:00+09'),
('SO202501003', '2025-01-20', '2025-02-25', 'S003', 'SITE003', '인천시 연수구 송도동 센트럴로 100', 18000000, 1800000, '센트럴파크 1차', 'COMPLETED', FALSE, '2025-01-20 09:30:00+09', '2025-03-01 14:00:00+09'),
('SO202501004', '2025-01-25', '2025-03-01', 'S004', 'SITE004', '서울시 영등포구 여의대로 300', 32000000, 3200000, '금융타워 프리미엄 유리', 'PROCESSING', TRUE, '2025-01-25 14:00:00+09', '2025-01-25 14:00:00+09'),
('SO202501005', '2025-01-28', '2025-03-05', 'S005', 'SITE005', '경기도 수원시 영통구 광교로 500', 28000000, 2800000, '아이파크 1차 물량', 'PROCESSING', FALSE, '2025-01-28 10:00:00+09', '2025-01-28 10:00:00+09'),
('SO202502001', '2025-02-01', '2025-03-10', 'S001', 'SITE006', '경기도 화성시 동탄순환대로 600', 35000000, 3500000, '호반베르디움 1차', 'CONFIRMED', FALSE, '2025-02-01 09:00:00+09', '2025-02-01 09:00:00+09'),
('SO202502002', '2025-02-03', '2025-03-15', 'S002', 'SITE007', '부산시 해운대구 마린시티로 700', 45000000, 4500000, '엘시티 타워동', 'CONFIRMED', FALSE, '2025-02-03 11:00:00+09', '2025-02-03 11:00:00+09'),
('SO202502003', '2025-02-05', '2025-03-20', 'S003', 'SITE008', '대전시 서구 둔산로 800', 22000000, 2200000, '푸르지오 1차', 'CONFIRMED', FALSE, '2025-02-05 10:30:00+09', '2025-02-05 10:30:00+09'),
('SO202502004', '2025-02-06', '2025-03-25', 'S004', 'SITE009', '광주시 광산구 첨단과기로 900', 19000000, 1900000, '힐스테이트 1차', 'PENDING', FALSE, '2025-02-06 14:00:00+09', '2025-02-06 14:00:00+09'),
('SO202502005', '2025-02-07', '2025-03-30', 'S005', 'SITE010', '인천시 서구 청라호수로 1000', 38000000, 3800000, '더샵 대단지 1차', 'PENDING', TRUE, '2025-02-07 09:30:00+09', '2025-02-07 09:30:00+09'),
('SO202501006', '2025-01-22', '2025-02-28', 'S001', 'SITE001', '서울시 강남구 테헤란로 789', 12000000, 1200000, '오피스텔 2차 물량', 'COMPLETED', FALSE, '2025-01-22 15:00:00+09', '2025-03-05 16:00:00+09'),
('SO202501007', '2025-01-30', '2025-03-08', 'S002', 'SITE002', '경기도 성남시 분당구 판교역로 234', 20000000, 2000000, '알파돔시티 B동', 'PROCESSING', FALSE, '2025-01-30 10:00:00+09', '2025-01-30 10:00:00+09'),
('SO202502006', '2025-02-04', '2025-03-12', 'S003', 'SITE003', '인천시 연수구 송도동 센트럴로 100', 16000000, 1600000, '센트럴파크 2차', 'CONFIRMED', FALSE, '2025-02-04 11:30:00+09', '2025-02-04 11:30:00+09'),
('SO202502007', '2025-02-05', '2025-03-18', 'S001', 'SITE006', '경기도 화성시 동탄순환대로 600', 30000000, 3000000, '호반베르디움 2차', 'PENDING', FALSE, '2025-02-05 13:00:00+09', '2025-02-05 13:00:00+09'),
('SO202502008', '2025-02-06', '2025-03-22', 'S002', 'SITE007', '부산시 해운대구 마린시티로 700', 40000000, 4000000, '엘시티 저층부', 'PENDING', FALSE, '2025-02-06 15:30:00+09', '2025-02-06 15:30:00+09');
-- ============================================
-- 테이블: sales_order_detail
-- 설명: 수주 상세 샘플 데이터 (DDL 일치 버전)
-- 작성일: 2026-02-07
-- 스키마: hkgn
-- 데이터 수: 30개 (수주별 평균 2개 아이템)
-- ============================================

INSERT INTO hkgn.sales_order_detail (order_no, line_no, material_cd, material_nm, order_qty, unit, unit_price, supply_amount, tax_amount, produced_qty, delivered_qty, line_status, remarks, created_at, updated_at) VALUES
-- SO202501001 (강남 테헤란 오피스텔 1차) - 완료
('SO202501001', 1, 'PRD001', '복층유리 16T (5CL+6A+5CL) 투명', 200, 'M2', 46000, 9200000, 920000, 200, 200, 'COMPLETED', '1~10층 유리', '2025-01-15 10:00:00+09', '2025-02-20 16:00:00+09'),
('SO202501001', 2, 'PRD002', '복층유리 22T (6CL+12A+6CL) 그린', 100, 'M2', 56000, 5600000, 560000, 100, 100, 'COMPLETED', '로비 유리', '2025-01-15 10:00:00+09', '2025-02-20 16:00:00+09'),

-- SO202501002 (판교 알파돔시티 A동) - 완료
('SO202501002', 1, 'PRD001', '복층유리 16T (5CL+6A+5CL) 투명', 300, 'M2', 44000, 13200000, 1320000, 300, 300, 'COMPLETED', 'A동 세대 유리', '2025-01-16 11:00:00+09', '2025-02-25 15:00:00+09'),
('SO202501002', 2, 'PRD002', '복층유리 22T (6CL+12A+6CL) 그린', 200, 'M2', 54000, 10800000, 1080000, 200, 200, 'COMPLETED', 'A동 발코니', '2025-01-16 11:00:00+09', '2025-02-25 15:00:00+09'),

-- SO202501003 (송도 센트럴파크 1차) - 완료
('SO202501003', 1, 'PRD002', '복층유리 22T (6CL+12A+6CL) 그린', 250, 'M2', 53000, 13250000, 1325000, 250, 250, 'COMPLETED', '1차 물량', '2025-01-20 09:30:00+09', '2025-03-01 14:00:00+09'),
('SO202501003', 2, 'PRD003', '복층유리 24T (8CL+8A+8CL) 로이', 70, 'M2', 66000, 4620000, 462000, 70, 70, 'COMPLETED', '고급 세대', '2025-01-20 09:30:00+09', '2025-03-01 14:00:00+09'),

-- SO202501004 (여의도 금융타워) - 생산중
('SO202501004', 1, 'PRD003', '복층유리 24T (8CL+8A+8CL) 로이', 300, 'M2', 70000, 21000000, 2100000, 150, 0, 'PRODUCING', '전면 커튼월', '2025-01-25 14:00:00+09', '2025-01-25 14:00:00+09'),
('SO202501004', 2, 'PRD004', '복층유리 28T (10CL+8A+10CL) 브론즈', 150, 'M2', 77000, 11550000, 1155000, 75, 0, 'PRODUCING', '로비층 특수유리', '2025-01-25 14:00:00+09', '2025-01-25 14:00:00+09'),

-- SO202501005 (광교 아이파크 1차) - 생산중
('SO202501005', 1, 'PRD001', '복층유리 16T (5CL+6A+5CL) 투명', 400, 'M2', 43000, 17200000, 1720000, 200, 0, 'PRODUCING', '세대 기본유리', '2025-01-28 10:00:00+09', '2025-01-28 10:00:00+09'),
('SO202501005', 2, 'PRD002', '복층유리 22T (6CL+12A+6CL) 그린', 200, 'M2', 52000, 10400000, 1040000, 100, 0, 'PRODUCING', '발코니 유리', '2025-01-28 10:00:00+09', '2025-01-28 10:00:00+09'),

-- SO202502001 (동탄 호반베르디움 1차) - 확정
('SO202502001', 1, 'PRD001', '복층유리 16T (5CL+6A+5CL) 투명', 500, 'M2', 43000, 21500000, 2150000, 0, 0, 'CONFIRMED', '전 세대 유리', '2025-02-01 09:00:00+09', '2025-02-01 09:00:00+09'),
('SO202502001', 2, 'PRD003', '복층유리 24T (8CL+8A+8CL) 로이', 200, 'M2', 65000, 13000000, 1300000, 0, 0, 'CONFIRMED', '특화 세대', '2025-02-01 09:00:00+09', '2025-02-01 09:00:00+09'),

-- SO202502002 (부산 엘시티 타워동) - 확정
('SO202502002', 1, 'PRD003', '복층유리 24T (8CL+8A+8CL) 로이', 400, 'M2', 66000, 26400000, 2640000, 0, 0, 'CONFIRMED', '타워동 전면', '2025-02-03 11:00:00+09', '2025-02-03 11:00:00+09'),
('SO202502002', 2, 'PRD005', '복층유리 32T (12CL+8A+12CL) 투명', 200, 'M2', 83000, 16600000, 1660000, 0, 0, 'CONFIRMED', '초고층 특수유리', '2025-02-03 11:00:00+09', '2025-02-03 11:00:00+09'),

-- SO202502003 (대전 푸르지오 1차) - 확정
('SO202502003', 1, 'PRD001', '복층유리 16T (5CL+6A+5CL) 투명', 350, 'M2', 43000, 15050000, 1505000, 0, 0, 'CONFIRMED', '세대 유리', '2025-02-05 10:30:00+09', '2025-02-05 10:30:00+09'),
('SO202502003', 2, 'PRD002', '복층유리 22T (6CL+12A+6CL) 그린', 130, 'M2', 52000, 6760000, 676000, 0, 0, 'CONFIRMED', '발코니 유리', '2025-02-05 10:30:00+09', '2025-02-05 10:30:00+09'),

-- SO202502004 (광주 힐스테이트 1차) - 대기
('SO202502004', 1, 'PRD001', '복층유리 16T (5CL+6A+5CL) 투명', 300, 'M2', 43000, 12900000, 1290000, 0, 0, 'PENDING', '세대 유리', '2025-02-06 14:00:00+09', '2025-02-06 14:00:00+09'),
('SO202502004', 2, 'PRD002', '복층유리 22T (6CL+12A+6CL) 그린', 120, 'M2', 52000, 6240000, 624000, 0, 0, 'PENDING', '발코니 유리', '2025-02-06 14:00:00+09', '2025-02-06 14:00:00+09'),

-- SO202502005 (인천 더샵 1차) - 대기
('SO202502005', 1, 'PRD001', '복층유리 16T (5CL+6A+5CL) 투명', 600, 'M2', 43000, 25800000, 2580000, 0, 0, 'PENDING', '대단지 기본유리', '2025-02-07 09:30:00+09', '2025-02-07 09:30:00+09'),
('SO202502005', 2, 'PRD002', '복층유리 22T (6CL+12A+6CL) 그린', 250, 'M2', 52000, 13000000, 1300000, 0, 0, 'PENDING', '발코니 유리', '2025-02-07 09:30:00+09', '2025-02-07 09:30:00+09'),

-- SO202501006 (강남 테헤란 2차) - 완료
('SO202501006', 1, 'PRD001', '복층유리 16T (5CL+6A+5CL) 투명', 150, 'M2', 46000, 6900000, 690000, 150, 150, 'COMPLETED', '11~20층', '2025-01-22 15:00:00+09', '2025-03-05 16:00:00+09'),
('SO202501006', 2, 'PRD002', '복층유리 22T (6CL+12A+6CL) 그린', 90, 'M2', 56000, 5040000, 504000, 90, 90, 'COMPLETED', '공용부', '2025-01-22 15:00:00+09', '2025-03-05 16:00:00+09'),

-- SO202501007 (판교 알파돔시티 B동) - 생산중
('SO202501007', 1, 'PRD001', '복층유리 16T (5CL+6A+5CL) 투명', 250, 'M2', 44000, 11000000, 1100000, 125, 0, 'PRODUCING', 'B동 세대', '2025-01-30 10:00:00+09', '2025-01-30 10:00:00+09'),
('SO202501007', 2, 'PRD004', '복층유리 28T (10CL+8A+10CL) 브론즈', 120, 'M2', 73000, 8760000, 876000, 60, 0, 'PRODUCING', 'B동 특화', '2025-01-30 10:00:00+09', '2025-01-30 10:00:00+09'),

-- SO202502006 (송도 센트럴파크 2차) - 확정
('SO202502006', 1, 'PRD002', '복층유리 22T (6CL+12A+6CL) 그린', 200, 'M2', 53000, 10600000, 1060000, 0, 0, 'CONFIRMED', '2차 물량', '2025-02-04 11:30:00+09', '2025-02-04 11:30:00+09'),
('SO202502006', 2, 'PRD003', '복층유리 24T (8CL+8A+8CL) 로이', 80, 'M2', 66000, 5280000, 528000, 0, 0, 'CONFIRMED', '고급 세대', '2025-02-04 11:30:00+09', '2025-02-04 11:30:00+09');
-- ============================================
-- 테이블: packing_order
-- 설명: 포장 지시 샘플 데이터 (DDL 일치 버전)
-- 작성일: 2026-02-07
-- 스키마: hkgn
-- 데이터 수: 10개
-- ============================================

INSERT INTO hkgn.packing_order (packing_no, packing_date, order_no, material_cd, material_nm, packing_qty, unit, container_cd, container_qty, worker_cd, packing_status, remarks, created_at, updated_at) VALUES
('PACK202501200001', '2025-01-20', 'SO202501001', 'PRD001', '복층유리 16T (5CL+6A+5CL) 투명', 98, 'M2', 'CNT001', 3, 'W012', 'COMPLETED', '강철틀 포장', '2025-01-20 17:00:00+09', '2025-01-20 18:00:00+09'),
('PACK202501200002', '2025-01-20', 'SO202501001', 'PRD002', '복층유리 22T (6CL+12A+6CL) 그린', 49, 'M2', 'CNT001', 2, 'W012', 'COMPLETED', '강철틀 포장', '2025-01-20 17:00:00+09', '2025-01-20 18:00:00+09'),
('PACK202501210001', '2025-01-21', 'SO202501001', 'PRD001', '복층유리 16T (5CL+6A+5CL) 투명', 100, 'M2', 'CNT001', 3, 'W012', 'COMPLETED', '강철틀 포장', '2025-01-21 17:00:00+09', '2025-01-21 18:00:00+09'),
('PACK202501210002', '2025-01-21', 'SO202501001', 'PRD002', '복층유리 22T (6CL+12A+6CL) 그린', 50, 'M2', 'CNT001', 2, 'W012', 'COMPLETED', '강철틀 포장', '2025-01-21 17:00:00+09', '2025-01-21 18:00:00+09'),
('PACK202501220001', '2025-01-22', 'SO202501002', 'PRD001', '복층유리 16T (5CL+6A+5CL) 투명', 148, 'M2', 'CNT001', 4, 'W012', 'COMPLETED', '강철틀 포장', '2025-01-22 17:00:00+09', '2025-01-22 18:00:00+09'),
('PACK202501220002', '2025-01-22', 'SO202501002', 'PRD002', '복층유리 22T (6CL+12A+6CL) 그린', 100, 'M2', 'CNT001', 3, 'W012', 'COMPLETED', '강철틀 포장', '2025-01-22 17:00:00+09', '2025-01-22 18:00:00+09'),
('PACK202501230001', '2025-01-23', 'SO202501002', 'PRD001', '복층유리 16T (5CL+6A+5CL) 투명', 150, 'M2', 'CNT001', 4, 'W012', 'COMPLETED', '강철틀 포장', '2025-01-23 17:00:00+09', '2025-01-23 18:00:00+09'),
('PACK202501230002', '2025-01-23', 'SO202501002', 'PRD002', '복층유리 22T (6CL+12A+6CL) 그린', 99, 'M2', 'CNT001', 3, 'W012', 'COMPLETED', '강철틀 포장', '2025-01-23 17:00:00+09', '2025-01-23 18:00:00+09'),
('PACK202501240001', '2025-01-24', 'SO202501003', 'PRD002', '복층유리 22T (6CL+12A+6CL) 그린', 125, 'M2', 'CNT001', 4, 'W012', 'COMPLETED', '강철틀 포장', '2025-01-24 17:00:00+09', '2025-01-24 18:00:00+09'),
('PACK202501240002', '2025-01-24', 'SO202501003', 'PRD003', '복층유리 24T (8CL+8A+8CL) 로이', 35, 'M2', 'CNT001', 1, 'W012', 'COMPLETED', '강철틀 포장', '2025-01-24 17:00:00+09', '2025-01-24 18:00:00+09');
-- ============================================
-- 테이블: delivery_header
-- 설명: 출하 헤더 샘플 데이터 (DDL 일치 버전)
-- 작성일: 2026-02-07
-- 스키마: hkgn
-- 데이터 수: 10개
-- ============================================

INSERT INTO hkgn.delivery_header (delivery_no, delivery_date, actual_date, order_no, customer_cd, site_cd, delivery_address, vehicle_no, driver_nm, driver_phone, delivery_status, remarks, created_at, updated_at) VALUES
('DEL202501210001', '2025-01-21', '2025-01-21', 'SO202501001', 'S001', 'SITE001', '서울시 강남구 테헤란로 789', '12가1234', '김운송', '010-1234-5678', 'COMPLETED', '오전 출하', '2025-01-21 08:00:00+09', '2025-01-21 10:00:00+09'),
('DEL202501220001', '2025-01-22', '2025-01-22', 'SO202501001', 'S001', 'SITE001', '서울시 강남구 테헤란로 789', '12가1234', '김운송', '010-1234-5678', 'COMPLETED', '오전 출하', '2025-01-22 08:00:00+09', '2025-01-22 10:00:00+09'),
('DEL202501230001', '2025-01-23', '2025-01-23', 'SO202501002', 'S002', 'SITE002', '경기도 성남시 분당구 판교역로 234', '34나5678', '이배송', '010-2345-6789', 'COMPLETED', '오후 출하', '2025-01-23 14:00:00+09', '2025-01-23 16:00:00+09'),
('DEL202501240001', '2025-01-24', '2025-01-24', 'SO202501002', 'S002', 'SITE002', '경기도 성남시 분당구 판교역로 234', '34나5678', '이배송', '010-2345-6789', 'COMPLETED', '오전 출하', '2025-01-24 08:00:00+09', '2025-01-24 10:00:00+09'),
('DEL202501270001', '2025-01-27', '2025-01-27', 'SO202501003', 'S003', 'SITE003', '인천시 연수구 송도동 센트럴로 100', '56다9012', '박운전', '010-3456-7890', 'COMPLETED', '오전 출하', '2025-01-27 08:00:00+09', '2025-01-27 11:00:00+09'),
('DEL202501280001', '2025-01-28', '2025-01-28', 'SO202501003', 'S003', 'SITE003', '인천시 연수구 송도동 센트럴로 100', '56다9012', '박운전', '010-3456-7890', 'COMPLETED', '오전 출하', '2025-01-28 08:00:00+09', '2025-01-28 11:00:00+09'),
('DEL202501290001', '2025-01-29', '2025-01-29', 'SO202501004', 'S004', 'SITE004', '서울시 영등포구 여의대로 300', '78라3456', '정기사', '010-4567-8901', 'COMPLETED', '특별 차량 출하', '2025-01-29 09:00:00+09', '2025-01-29 12:00:00+09'),
('DEL202501300001', '2025-01-30', '2025-01-30', 'SO202501004', 'S004', 'SITE004', '서울시 영등포구 여의대로 300', '78라3456', '정기사', '010-4567-8901', 'COMPLETED', '특별 차량 출하', '2025-01-30 09:00:00+09', '2025-01-30 12:00:00+09'),
('DEL202501310001', '2025-01-31', '2025-01-31', 'SO202501005', 'S005', 'SITE005', '경기도 수원시 영통구 광교로 500', '90마7890', '최운반', '010-5678-9012', 'COMPLETED', '오후 출하', '2025-01-31 14:00:00+09', '2025-01-31 16:00:00+09'),
('DEL202502010001', '2025-02-01', '2025-02-01', 'SO202501005', 'S005', 'SITE005', '경기도 수원시 영통구 광교로 500', '90마7890', '최운반', '010-5678-9012', 'COMPLETED', '오후 출하', '2025-02-01 14:00:00+09', '2025-02-01 16:00:00+09');
-- ============================================
-- 테이블: delivery_detail
-- 설명: 출하 상세 샘플 데이터 (DDL 일치 버전)
-- 작성일: 2026-02-07
-- 스키마: hkgn
-- 데이터 수: 20개
-- ============================================

INSERT INTO hkgn.delivery_detail (delivery_no, line_no, order_no, order_line_no, material_cd, material_nm, delivery_qty, unit, remarks, created_at, updated_at) VALUES
-- DEL202501210001
('DEL202501210001', 1, 'SO202501001', 1, 'PRD001', '복층유리 16T (5CL+6A+5CL) 투명', 98, 'M2', '1차 출하', '2025-01-21 08:00:00+09', '2025-01-21 10:00:00+09'),
('DEL202501210001', 2, 'SO202501001', 2, 'PRD002', '복층유리 22T (6CL+12A+6CL) 그린', 49, 'M2', '1차 출하', '2025-01-21 08:00:00+09', '2025-01-21 10:00:00+09'),

-- DEL202501220001
('DEL202501220001', 1, 'SO202501001', 1, 'PRD001', '복층유리 16T (5CL+6A+5CL) 투명', 100, 'M2', '2차 출하 완료', '2025-01-22 08:00:00+09', '2025-01-22 10:00:00+09'),
('DEL202501220001', 2, 'SO202501001', 2, 'PRD002', '복층유리 22T (6CL+12A+6CL) 그린', 50, 'M2', '2차 출하 완료', '2025-01-22 08:00:00+09', '2025-01-22 10:00:00+09'),

-- DEL202501230001
('DEL202501230001', 1, 'SO202501002', 1, 'PRD001', '복층유리 16T (5CL+6A+5CL) 투명', 148, 'M2', '1차 출하', '2025-01-23 14:00:00+09', '2025-01-23 16:00:00+09'),
('DEL202501230001', 2, 'SO202501002', 2, 'PRD002', '복층유리 22T (6CL+12A+6CL) 그린', 100, 'M2', '1차 출하', '2025-01-23 14:00:00+09', '2025-01-23 16:00:00+09'),

-- DEL202501240001
('DEL202501240001', 1, 'SO202501002', 1, 'PRD001', '복층유리 16T (5CL+6A+5CL) 투명', 150, 'M2', '2차 출하 완료', '2025-01-24 08:00:00+09', '2025-01-24 10:00:00+09'),
('DEL202501240001', 2, 'SO202501002', 2, 'PRD002', '복층유리 22T (6CL+12A+6CL) 그린', 99, 'M2', '2차 출하 완료', '2025-01-24 08:00:00+09', '2025-01-24 10:00:00+09'),

-- DEL202501270001
('DEL202501270001', 1, 'SO202501003', 1, 'PRD002', '복층유리 22T (6CL+12A+6CL) 그린', 124, 'M2', '1차 출하', '2025-01-27 08:00:00+09', '2025-01-27 11:00:00+09'),
('DEL202501270001', 2, 'SO202501003', 2, 'PRD003', '복층유리 24T (8CL+8A+8CL) 로이', 35, 'M2', '1차 출하', '2025-01-27 08:00:00+09', '2025-01-27 11:00:00+09'),

-- DEL202501280001
('DEL202501280001', 1, 'SO202501003', 1, 'PRD002', '복층유리 22T (6CL+12A+6CL) 그린', 125, 'M2', '2차 출하 완료', '2025-01-28 08:00:00+09', '2025-01-28 11:00:00+09'),
('DEL202501280001', 2, 'SO202501003', 2, 'PRD003', '복층유리 24T (8CL+8A+8CL) 로이', 35, 'M2', '2차 출하 완료', '2025-01-28 08:00:00+09', '2025-01-28 11:00:00+09'),

-- DEL202501290001
('DEL202501290001', 1, 'SO202501004', 1, 'PRD003', '복층유리 24T (8CL+8A+8CL) 로이', 148, 'M2', '1차 출하', '2025-01-29 09:00:00+09', '2025-01-29 12:00:00+09'),
('DEL202501290001', 2, 'SO202501004', 2, 'PRD004', '복층유리 28T (10CL+8A+10CL) 브론즈', 74, 'M2', '1차 출하', '2025-01-29 09:00:00+09', '2025-01-29 12:00:00+09'),

-- DEL202501300001
('DEL202501300001', 1, 'SO202501004', 1, 'PRD003', '복층유리 24T (8CL+8A+8CL) 로이', 150, 'M2', '2차 출하 완료', '2025-01-30 09:00:00+09', '2025-01-30 12:00:00+09'),
('DEL202501300001', 2, 'SO202501004', 2, 'PRD004', '복층유리 28T (10CL+8A+10CL) 브론즈', 75, 'M2', '2차 출하 완료', '2025-01-30 09:00:00+09', '2025-01-30 12:00:00+09'),

-- DEL202501310001
('DEL202501310001', 1, 'SO202501005', 1, 'PRD001', '복층유리 16T (5CL+6A+5CL) 투명', 199, 'M2', '1차 출하', '2025-01-31 14:00:00+09', '2025-01-31 16:00:00+09'),
('DEL202501310001', 2, 'SO202501005', 2, 'PRD002', '복층유리 22T (6CL+12A+6CL) 그린', 100, 'M2', '1차 출하', '2025-01-31 14:00:00+09', '2025-01-31 16:00:00+09'),

-- DEL202502010001
('DEL202502010001', 1, 'SO202501005', 1, 'PRD001', '복층유리 16T (5CL+6A+5CL) 투명', 200, 'M2', '2차 출하 완료', '2025-02-01 14:00:00+09', '2025-02-01 16:00:00+09'),
('DEL202502010001', 2, 'SO202501005', 2, 'PRD002', '복층유리 22T (6CL+12A+6CL) 그린', 100, 'M2', '2차 출하 완료', '2025-02-01 14:00:00+09', '2025-02-01 16:00:00+09');
-- ============================================
-- 테이블: purchase_order
-- 설명: 구매 발주 헤더 샘플 데이터 (DDL 일치 버전)
-- 작성일: 2026-02-07
-- 스키마: hkgn
-- 데이터 수: 10개
-- ============================================

INSERT INTO hkgn.purchase_order (po_no, po_date, delivery_date, supplier_cd, total_amount, tax_amount, remarks, po_status, created_at, updated_at) VALUES
('PO202501050001', '2025-01-05', '2025-01-15', 'P001', 10000000, 1000000, '원판 정기 발주', 'COMPLETED', '2025-01-05 09:00:00+09', '2025-01-15 10:00:00+09'),
('PO202501050002', '2025-01-05', '2025-01-15', 'P002', 8000000, 800000, '원판 정기 발주', 'COMPLETED', '2025-01-05 09:00:00+09', '2025-01-15 10:00:00+09'),
('PO202501100001', '2025-01-10', '2025-01-20', 'P003', 5000000, 500000, '스페이서 발주', 'COMPLETED', '2025-01-10 09:00:00+09', '2025-01-20 10:00:00+09'),
('PO202501100002', '2025-01-10', '2025-01-20', 'P004', 3000000, 300000, '실란트 발주', 'COMPLETED', '2025-01-10 09:00:00+09', '2025-01-20 10:00:00+09'),
('PO202501150001', '2025-01-15', '2025-01-25', 'P001', 12000000, 1200000, '원판 추가 발주', 'PROCESSING', '2025-01-15 09:00:00+09', '2025-01-15 09:00:00+09'),
('PO202501150002', '2025-01-15', '2025-01-25', 'P005', 9000000, 900000, '로이유리 발주', 'PROCESSING', '2025-01-15 09:00:00+09', '2025-01-15 09:00:00+09'),
('PO202501200001', '2025-01-20', '2025-01-30', 'P003', 4500000, 450000, '스페이서 추가', 'CONFIRMED', '2025-01-20 09:00:00+09', '2025-01-20 09:00:00+09'),
('PO202501200002', '2025-01-20', '2025-01-30', 'P004', 3500000, 350000, '실란트 추가', 'CONFIRMED', '2025-01-20 09:00:00+09', '2025-01-20 09:00:00+09'),
('PO202501250001', '2025-01-25', '2025-02-05', 'P001', 15000000, 1500000, '원판 대량 발주', 'PENDING', '2025-01-25 09:00:00+09', '2025-01-25 09:00:00+09'),
('PO202501250002', '2025-01-25', '2025-02-05', 'P002', 11000000, 1100000, '그린/브론즈 발주', 'PENDING', '2025-01-25 09:00:00+09', '2025-01-25 09:00:00+09');
-- ============================================
-- 테이블: purchase_order_detail
-- 설명: 구매 발주 상세 샘플 데이터 (DDL 일치 버전)
-- 작성일: 2026-02-07
-- 스키마: hkgn
-- 데이터 수: 20개
-- ============================================

INSERT INTO hkgn.purchase_order_detail (po_no, line_no, material_cd, material_nm, order_qty, unit, unit_price, supply_amount, tax_amount, received_qty, line_status, remarks, created_at, updated_at) VALUES
-- PO202501050001
('PO202501050001', 1, 'RAW001', '원판 5T 투명 (2440x3660)', 200, 'EA', 17000, 3400000, 340000, 200, 'COMPLETED', '정기 발주', '2025-01-05 09:00:00+09', '2025-01-15 10:00:00+09'),
('PO202501050001', 2, 'RAW002', '원판 6T 투명 (2440x3660)', 150, 'EA', 20000, 3000000, 300000, 150, 'COMPLETED', '정기 발주', '2025-01-05 09:00:00+09', '2025-01-15 10:00:00+09'),
('PO202501050001', 3, 'RAW003', '원판 8T 그린 (2440x3660)', 100, 'EA', 26000, 2600000, 260000, 100, 'COMPLETED', '정기 발주', '2025-01-05 09:00:00+09', '2025-01-15 10:00:00+09'),

-- PO202501050002
('PO202501050002', 1, 'RAW004', '원판 10T 브론즈 (2440x3660)', 120, 'EA', 32000, 3840000, 384000, 120, 'COMPLETED', '정기 발주', '2025-01-05 09:00:00+09', '2025-01-15 10:00:00+09'),
('PO202501050002', 2, 'RAW005', '원판 12T 로이 (2440x3660)', 100, 'EA', 38000, 3800000, 380000, 100, 'COMPLETED', '정기 발주', '2025-01-05 09:00:00+09', '2025-01-15 10:00:00+09'),

-- PO202501100001
('PO202501100001', 1, 'SUB001', '알루미늄 스페이서 6A', 2000, 'M', 1100, 2200000, 220000, 2000, 'COMPLETED', '스페이서 발주', '2025-01-10 09:00:00+09', '2025-01-20 10:00:00+09'),
('PO202501100001', 2, 'SUB002', '알루미늄 스페이서 8A', 1500, 'M', 1300, 1950000, 195000, 1500, 'COMPLETED', '스페이서 발주', '2025-01-10 09:00:00+09', '2025-01-20 10:00:00+09'),

-- PO202501100002
('PO202501100002', 1, 'SUB004', '1차 부틸 9.5mm', 800, 'M', 2000, 1600000, 160000, 800, 'COMPLETED', '실란트 발주', '2025-01-10 09:00:00+09', '2025-01-20 10:00:00+09'),
('PO202501100002', 2, 'SUB005', '2차 실리콘 검정', 100, 'EA', 8000, 800000, 80000, 100, 'COMPLETED', '실란트 발주', '2025-01-10 09:00:00+09', '2025-01-20 10:00:00+09'),

-- PO202501150001
('PO202501150001', 1, 'RAW001', '원판 5T 투명 (2440x3660)', 250, 'EA', 17000, 4250000, 425000, 125, 'PROCESSING', '추가 발주', '2025-01-15 09:00:00+09', '2025-01-15 09:00:00+09'),
('PO202501150001', 2, 'RAW002', '원판 6T 투명 (2440x3660)', 200, 'EA', 20000, 4000000, 400000, 100, 'PROCESSING', '추가 발주', '2025-01-15 09:00:00+09', '2025-01-15 09:00:00+09'),

-- PO202501150002
('PO202501150002', 1, 'RAW005', '원판 12T 로이 (2440x3660)', 150, 'EA', 38000, 5700000, 570000, 75, 'PROCESSING', '로이유리 추가', '2025-01-15 09:00:00+09', '2025-01-15 09:00:00+09'),

-- PO202501200001
('PO202501200001', 1, 'SUB001', '알루미늄 스페이서 6A', 1500, 'M', 1100, 1650000, 165000, 0, 'CONFIRMED', '추가 발주', '2025-01-20 09:00:00+09', '2025-01-20 09:00:00+09'),
('PO202501200001', 2, 'SUB003', '알루미늄 스페이서 12A', 1000, 'M', 1700, 1700000, 170000, 0, 'CONFIRMED', '추가 발주', '2025-01-20 09:00:00+09', '2025-01-20 09:00:00+09'),

-- PO202501200002
('PO202501200002', 1, 'SUB004', '1차 부틸 9.5mm', 900, 'M', 2000, 1800000, 180000, 0, 'CONFIRMED', '실란트 추가', '2025-01-20 09:00:00+09', '2025-01-20 09:00:00+09'),

-- PO202501250001
('PO202501250001', 1, 'RAW003', '원판 8T 그린 (2440x3660)', 300, 'EA', 26000, 7800000, 780000, 0, 'PENDING', '대량 발주', '2025-01-25 09:00:00+09', '2025-01-25 09:00:00+09'),
('PO202501250001', 2, 'RAW004', '원판 10T 브론즈 (2440x3660)', 200, 'EA', 32000, 6400000, 640000, 0, 'PENDING', '대량 발주', '2025-01-25 09:00:00+09', '2025-01-25 09:00:00+09'),

-- PO202501250002
('PO202501250002', 1, 'RAW003', '원판 8T 그린 (2440x3660)', 250, 'EA', 26000, 6500000, 650000, 0, 'PENDING', '그린 발주', '2025-01-25 09:00:00+09', '2025-01-25 09:00:00+09'),
('PO202501250002', 2, 'RAW004', '원판 10T 브론즈 (2440x3660)', 150, 'EA', 32000, 4800000, 480000, 0, 'PENDING', '브론즈 발주', '2025-01-25 09:00:00+09', '2025-01-25 09:00:00+09');
-- ============================================
-- 테이블: goods_receipt
-- 설명: 입고 실적 샘플 데이터 (DDL 일치 버전)
-- 작성일: 2026-02-07
-- 스키마: hkgn
-- 데이터 수: 15개
-- ============================================

INSERT INTO hkgn.goods_receipt (receipt_no, receipt_date, po_no, po_line_no, supplier_cd, material_cd, material_nm, receipt_qty, unit, inspected_qty, passed_qty, rejected_qty, inspection_status, rejection_reason, remarks, created_at, updated_at) VALUES
-- PO202501050001 입고
('GR202501150001', '2025-01-15', 'PO202501050001', 1, 'P001', 'RAW001', '원판 5T 투명 (2440x3660)', 200, 'EA', 200, 198, 2, 'PASSED', '크랙 2개', '정상 입고', '2025-01-15 10:00:00+09', '2025-01-15 11:00:00+09'),
('GR202501150002', '2025-01-15', 'PO202501050001', 2, 'P001', 'RAW002', '원판 6T 투명 (2440x3660)', 150, 'EA', 150, 150, 0, 'PASSED', NULL, '정상 입고', '2025-01-15 10:00:00+09', '2025-01-15 11:00:00+09'),
('GR202501150003', '2025-01-15', 'PO202501050001', 3, 'P001', 'RAW003', '원판 8T 그린 (2440x3660)', 100, 'EA', 100, 99, 1, 'PASSED', '모서리 파손', '정상 입고', '2025-01-15 10:00:00+09', '2025-01-15 11:00:00+09'),

-- PO202501050002 입고
('GR202501150004', '2025-01-15', 'PO202501050002', 1, 'P002', 'RAW004', '원판 10T 브론즈 (2440x3660)', 120, 'EA', 120, 120, 0, 'PASSED', NULL, '정상 입고', '2025-01-15 10:00:00+09', '2025-01-15 11:00:00+09'),
('GR202501150005', '2025-01-15', 'PO202501050002', 2, 'P002', 'RAW005', '원판 12T 로이 (2440x3660)', 100, 'EA', 100, 98, 2, 'PASSED', '로이 불량 2개', '정상 입고', '2025-01-15 10:00:00+09', '2025-01-15 11:00:00+09'),

-- PO202501100001 입고
('GR202501200001', '2025-01-20', 'PO202501100001', 1, 'P003', 'SUB001', '알루미늄 스페이서 6A', 2000, 'M', 2000, 2000, 0, 'PASSED', NULL, '정상 입고', '2025-01-20 10:00:00+09', '2025-01-20 11:00:00+09'),
('GR202501200002', '2025-01-20', 'PO202501100001', 2, 'P003', 'SUB002', '알루미늄 스페이서 8A', 1500, 'M', 1500, 1500, 0, 'PASSED', NULL, '정상 입고', '2025-01-20 10:00:00+09', '2025-01-20 11:00:00+09'),

-- PO202501100002 입고
('GR202501200003', '2025-01-20', 'PO202501100002', 1, 'P004', 'SUB004', '1차 부틸 9.5mm', 800, 'M', 800, 800, 0, 'PASSED', NULL, '정상 입고', '2025-01-20 10:00:00+09', '2025-01-20 11:00:00+09'),
('GR202501200004', '2025-01-20', 'PO202501100002', 2, 'P004', 'SUB005', '2차 실리콘 검정', 100, 'EA', 100, 100, 0, 'PASSED', NULL, '정상 입고', '2025-01-20 10:00:00+09', '2025-01-20 11:00:00+09'),

-- PO202501150001 부분 입고
('GR202501220001', '2025-01-22', 'PO202501150001', 1, 'P001', 'RAW001', '원판 5T 투명 (2440x3660)', 125, 'EA', 125, 124, 1, 'PASSED', '크랙 1개', '1차 입고', '2025-01-22 10:00:00+09', '2025-01-22 11:00:00+09'),
('GR202501220002', '2025-01-22', 'PO202501150001', 2, 'P001', 'RAW002', '원판 6T 투명 (2440x3660)', 100, 'EA', 100, 100, 0, 'PASSED', NULL, '1차 입고', '2025-01-22 10:00:00+09', '2025-01-22 11:00:00+09'),

-- PO202501150002 부분 입고
('GR202501220003', '2025-01-22', 'PO202501150002', 1, 'P005', 'RAW005', '원판 12T 로이 (2440x3660)', 75, 'EA', 75, 73, 2, 'PASSED', '로이 코팅 불량', '1차 입고', '2025-01-22 10:00:00+09', '2025-01-22 11:00:00+09'),

-- 검수 대기
('GR202501230001', '2025-01-23', 'PO202501150001', 1, 'P001', 'RAW001', '원판 5T 투명 (2440x3660)', 125, 'EA', 0, 0, 0, 'INSPECTING', NULL, '검수 대기', '2025-01-23 10:00:00+09', '2025-01-23 10:00:00+09'),
('GR202501230002', '2025-01-23', 'PO202501150001', 2, 'P001', 'RAW002', '원판 6T 투명 (2440x3660)', 100, 'EA', 0, 0, 0, 'INSPECTING', NULL, '검수 대기', '2025-01-23 10:00:00+09', '2025-01-23 10:00:00+09'),
('GR202501230003', '2025-01-23', 'PO202501150002', 1, 'P005', 'RAW005', '원판 12T 로이 (2440x3660)', 75, 'EA', 0, 0, 0, 'INSPECTING', NULL, '검수 대기', '2025-01-23 10:00:00+09', '2025-01-23 10:00:00+09');
-- ============================================
-- 테이블: inventory
-- 설명: 재고 현황 샘플 데이터
-- 작성일: 2026-02-07
-- 스키마: hkgn
-- 데이터 수: 15개 (주요 자재별 재고)
-- ============================================

INSERT INTO hkgn.inventory (material_cd, material_nm, current_qty, available_qty, reserved_qty, unit, min_qty, max_qty, warehouse_cd, location, created_at, updated_at) VALUES
-- 원판 재고
('RAW001', '원판 5T 투명 (2440x3660)', 150, 120, 30, 'EA', 50, 500, 'WH01', 'A-1', '2025-01-15 16:00:00+09', '2025-02-06 18:00:00+09'),
('RAW002', '원판 6T 투명 (2440x3660)', 120, 95, 25, 'EA', 50, 500, 'WH01', 'A-2', '2025-01-15 16:00:00+09', '2025-02-06 18:00:00+09'),
('RAW003', '원판 8T 그린 (2440x3660)', 180, 140, 40, 'EA', 60, 600, 'WH01', 'A-3', '2025-01-17 16:00:00+09', '2025-02-06 18:00:00+09'),
('RAW004', '원판 10T 브론즈 (2440x3660)', 250, 200, 50, 'EA', 70, 700, 'WH01', 'A-4', '2025-01-17 16:00:00+09', '2025-02-06 18:00:00+09'),
('RAW005', '원판 12T 로이 (2440x3660)', 200, 160, 40, 'EA', 80, 800, 'WH01', 'A-5', '2025-01-25 16:00:00+09', '2025-02-06 18:00:00+09'),

-- 부자재 재고
('SUB001', '알루미늄 스페이서 6A', 1500, 1200, 300, 'M', 500, 5000, 'WH01', 'B-1', '2025-01-19 16:00:00+09', '2025-02-06 18:00:00+09'),
('SUB002', '알루미늄 스페이서 8A', 1800, 1400, 400, 'M', 500, 5000, 'WH01', 'B-2', '2025-01-19 16:00:00+09', '2025-02-06 18:00:00+09'),
('SUB003', '알루미늄 스페이서 12A', 1200, 900, 300, 'M', 400, 4000, 'WH01', 'B-3', '2025-01-19 16:00:00+09', '2025-02-06 18:00:00+09'),
('SUB004', '1차 부틸 9.5mm', 1000, 800, 200, 'M', 300, 3000, 'WH01', 'B-4', '2025-01-21 16:00:00+09', '2025-02-06 18:00:00+09'),
('SUB005', '2차 실리콘 검정', 120, 90, 30, 'EA', 50, 500, 'WH01', 'B-5', '2025-01-21 16:00:00+09', '2025-02-06 18:00:00+09'),

-- 용기 재고
('CNT001', '강철 운반틀 2440x3660용', 25, 20, 5, 'EA', 10, 100, 'WH01', 'C-1', '2025-01-15 16:00:00+09', '2025-02-06 18:00:00+09'),

-- 완제품 재고 (일부)
('PRD001', '복층유리 16T (5CL+6A+5CL) 투명', 50, 30, 20, 'M2', 20, 200, 'WH02', 'FG-1', '2025-02-01 18:00:00+09', '2025-02-06 18:00:00+09'),
('PRD002', '복층유리 22T (6CL+12A+6CL) 그린', 40, 25, 15, 'M2', 20, 200, 'WH02', 'FG-2', '2025-02-01 18:00:00+09', '2025-02-06 18:00:00+09'),
('PRD003', '복층유리 24T (8CL+8A+8CL) 로이', 30, 20, 10, 'M2', 15, 150, 'WH02', 'FG-3', '2025-02-01 18:00:00+09', '2025-02-06 18:00:00+09'),
('PRD004', '복층유리 28T (10CL+8A+10CL) 브론즈', 25, 15, 10, 'M2', 10, 100, 'WH02', 'FG-4', '2025-02-01 18:00:00+09', '2025-02-06 18:00:00+09');
-- ============================================
-- 테이블: inventory_transaction
-- 설명: 재고 트랜잭션 샘플 데이터 (DDL 일치 버전)
-- 작성일: 2026-02-07
-- 스키마: hkgn
-- 데이터 수: 15개
-- ============================================

INSERT INTO hkgn.inventory_transaction (transaction_no, transaction_date, transaction_type, material_cd, material_nm, quantity, unit, before_qty, after_qty, from_location, to_location, ref_doc_type, ref_doc_no, remarks, created_at, updated_at) VALUES
-- 입고
('TRX202501150001', '2025-01-15', 'RECEIPT', 'RAW001', '원판 5T 투명 (2440x3660)', 198, 'EA', 50, 248, NULL, 'WH01-A1', 'GR', 'GR202501150001', '입고 처리', '2025-01-15 11:00:00+09', '2025-01-15 11:00:00+09'),
('TRX202501150002', '2025-01-15', 'RECEIPT', 'RAW002', '원판 6T 투명 (2440x3660)', 150, 'EA', 80, 230, NULL, 'WH01-A2', 'GR', 'GR202501150002', '입고 처리', '2025-01-15 11:00:00+09', '2025-01-15 11:00:00+09'),
('TRX202501150003', '2025-01-15', 'RECEIPT', 'RAW003', '원판 8T 그린 (2440x3660)', 99, 'EA', 100, 199, NULL, 'WH01-A3', 'GR', 'GR202501150003', '입고 처리', '2025-01-15 11:00:00+09', '2025-01-15 11:00:00+09'),

-- 생산 출고
('TRX202501200001', '2025-01-20', 'ISSUE', 'RAW001', '원판 5T 투명 (2440x3660)', 20, 'EA', 248, 228, 'WH01-A1', 'PROD-1', 'PROD', 'PR202501200001', '생산 출고', '2025-01-20 08:00:00+09', '2025-01-20 08:00:00+09'),
('TRX202501200002', '2025-01-20', 'ISSUE', 'RAW002', '원판 6T 투명 (2440x3660)', 15, 'EA', 230, 215, 'WH01-A2', 'PROD-2', 'PROD', 'PR202501200002', '생산 출고', '2025-01-20 08:00:00+09', '2025-01-20 08:00:00+09'),

-- 생산 입고
('TRX202501200003', '2025-01-20', 'RECEIPT', 'PRD001', '복층유리 16T (5CL+6A+5CL) 투명', 98, 'M2', 10, 108, 'PROD-1', 'WH02-FG1', 'PROD', 'PR202501200001', '생산 완료', '2025-01-20 18:00:00+09', '2025-01-20 18:00:00+09'),
('TRX202501200004', '2025-01-20', 'RECEIPT', 'PRD002', '복층유리 22T (6CL+12A+6CL) 그린', 49, 'M2', 20, 69, 'PROD-2', 'WH02-FG2', 'PROD', 'PR202501200002', '생산 완료', '2025-01-20 18:00:00+09', '2025-01-20 18:00:00+09'),

-- 출하
('TRX202501210001', '2025-01-21', 'SHIPMENT', 'PRD001', '복층유리 16T (5CL+6A+5CL) 투명', 98, 'M2', 108, 10, 'WH02-FG1', NULL, 'DEL', 'DEL202501210001', '출하 처리', '2025-01-21 09:00:00+09', '2025-01-21 09:00:00+09'),
('TRX202501210002', '2025-01-21', 'SHIPMENT', 'PRD002', '복층유리 22T (6CL+12A+6CL) 그린', 49, 'M2', 69, 20, 'WH02-FG2', NULL, 'DEL', 'DEL202501210001', '출하 처리', '2025-01-21 09:00:00+09', '2025-01-21 09:00:00+09'),

-- 재고 조정
('TRX202501220001', '2025-01-22', 'ADJUSTMENT', 'RAW001', '원판 5T 투명 (2440x3660)', -2, 'EA', 228, 226, 'WH01-A1', 'WH01-A1', 'ADJ', 'ADJ202501220001', '실사 조정 (크랙)', '2025-01-22 17:00:00+09', '2025-01-22 17:00:00+09'),
('TRX202501220002', '2025-01-22', 'ADJUSTMENT', 'RAW003', '원판 8T 그린 (2440x3660)', -1, 'EA', 199, 198, 'WH01-A3', 'WH01-A3', 'ADJ', 'ADJ202501220002', '실사 조정 (파손)', '2025-01-22 17:00:00+09', '2025-01-22 17:00:00+09'),

-- 로케이션 이동
('TRX202501230001', '2025-01-23', 'TRANSFER', 'RAW002', '원판 6T 투명 (2440x3660)', 50, 'EA', 215, 165, 'WH01-A2', 'WH01-B1', 'TRANS', 'TRANS202501230001', '로케이션 이동', '2025-01-23 10:00:00+09', '2025-01-23 10:00:00+09'),
('TRX202501230002', '2025-01-23', 'TRANSFER', 'RAW002', '원판 6T 투명 (2440x3660)', 50, 'EA', 0, 50, 'WH01-A2', 'WH01-B1', 'TRANS', 'TRANS202501230001', '로케이션 이동', '2025-01-23 10:00:00+09', '2025-01-23 10:00:00+09'),

-- 반품
('TRX202501240001', '2025-01-24', 'RETURN', 'RAW005', '원판 12T 로이 (2440x3660)', 2, 'EA', 98, 96, 'WH01-A5', NULL, 'RETURN', 'RET202501240001', '로이 코팅 불량 반품', '2025-01-24 14:00:00+09', '2025-01-24 14:00:00+09');
-- ============================================
-- 테이블: container_inventory
-- 설명: 용기 재고 샘플 데이터 (DDL 일치 버전)
-- 작성일: 2026-02-07
-- 스키마: hkgn
-- 데이터 수: 10개
-- ============================================

INSERT INTO hkgn.container_inventory (container_cd, container_nm, location, location_type, bp_cd, quantity, container_status, remarks, created_at, updated_at) VALUES
-- 사내 재고 (정상품)
('CNT001', '강철 운반틀 2440x3660용', 'WH01-A', 'FACTORY', NULL, 20, 'GOOD', '사내 보유 정상품', '2025-01-15 08:00:00+09', '2025-01-15 08:00:00+09'),
('CNT001', '강철 운반틀 2440x3660용', 'WH02-A', 'FACTORY', NULL, 15, 'GOOD', '사내 보유 정상품', '2025-01-15 08:00:00+09', '2025-01-15 08:00:00+09'),

-- 현장 임대 중
('CNT001', '강철 운반틀 2440x3660용', 'SITE001', 'SITE', 'S001', 10, 'GOOD', '강남 테헤란 현장', '2025-01-21 10:00:00+09', '2025-01-21 10:00:00+09'),
('CNT001', '강철 운반틀 2440x3660용', 'SITE002', 'SITE', 'S002', 12, 'GOOD', '판교 알파돔 현장', '2025-01-23 10:00:00+09', '2025-01-23 10:00:00+09'),
('CNT001', '강철 운반틀 2440x3660용', 'SITE003', 'SITE', 'S003', 8, 'GOOD', '송도 센트럴파크 현장', '2025-01-27 11:00:00+09', '2025-01-27 11:00:00+09'),
('CNT001', '강철 운반틀 2440x3660용', 'SITE004', 'SITE', 'S004', 15, 'GOOD', '여의도 금융타워 현장', '2025-01-29 12:00:00+09', '2025-01-29 12:00:00+09'),
('CNT001', '강철 운반틀 2440x3660용', 'SITE005', 'SITE', 'S005', 10, 'GOOD', '광교 아이파크 현장', '2025-01-31 16:00:00+09', '2025-01-31 16:00:00+09'),

-- 파손품 보관 구역
('CNT001', '강철 운반틀 2440x3660용', 'WH01-DMG', 'FACTORY', NULL, 3, 'DAMAGED', '용접 보수 필요', '2025-01-25 17:00:00+09', '2025-01-25 17:00:00+09'),

-- 수리 중
('CNT001', '강철 운반틀 2440x3660용', 'WH01-REPAIR', 'FACTORY', NULL, 2, 'DAMAGED', '수리 중', '2025-01-26 09:00:00+09', '2025-01-26 09:00:00+09'),

-- 분실
('CNT001', '강철 운반틀 2440x3660용', 'UNKNOWN', 'FACTORY', NULL, 1, 'LOST', '분실 처리', '2025-01-28 17:00:00+09', '2025-01-28 17:00:00+09');
-- ============================================
-- 테이블: subcontract_order
-- 설명: 외주 발주 샘플 데이터 (DDL 일치 버전)
-- 작성일: 2026-02-07
-- 스키마: hkgn
-- 데이터 수: 10개
-- ============================================

INSERT INTO hkgn.subcontract_order (subcontract_no, subcontract_date, delivery_date, subcontractor_cd, work_type, order_no, material_cd, material_nm, order_qty, unit, unit_price, total_amount, completed_qty, subcontract_status, remarks, created_at, updated_at) VALUES
-- 강화 외주
('SUB202501100001', '2025-01-10', '2025-01-17', 'O001', 'TEMPERING', 'SO202501001', 'TMP001', '강화유리 5T 투명', 50, 'M2', 16000, 800000, 50, 'COMPLETED', '납기 준수', '2025-01-10 09:00:00+09', '2025-01-17 16:00:00+09'),
('SUB202501110001', '2025-01-11', '2025-01-18', 'O001', 'TEMPERING', 'SO202501002', 'TMP002', '강화유리 6T 그린', 40, 'M2', 18000, 720000, 40, 'COMPLETED', '납기 준수', '2025-01-11 09:00:00+09', '2025-01-18 16:00:00+09'),

-- 에칭 외주
('SUB202501120001', '2025-01-12', '2025-01-22', 'O002', 'ETCHING', 'SO202501003', 'ETC001', '에칭유리 5T 무광', 30, 'M2', 20000, 600000, 30, 'COMPLETED', '품질 양호', '2025-01-12 09:00:00+09', '2025-01-22 16:00:00+09'),
('SUB202501150001', '2025-01-15', '2025-01-25', 'O002', 'ETCHING', 'SO202501004', 'ETC002', '에칭유리 6T 유광', 25, 'M2', 23000, 575000, 25, 'COMPLETED', '품질 양호', '2025-01-15 09:00:00+09', '2025-01-25 16:00:00+09'),

-- 절단 외주
('SUB202501180001', '2025-01-18', '2025-01-25', 'O003', 'CUTTING', 'SO202501005', 'RAW001', '원판 5T 투명 (2440x3660)', 100, 'EA', 5000, 500000, 100, 'COMPLETED', '특수 사이즈 절단', '2025-01-18 09:00:00+09', '2025-01-25 16:00:00+09'),

-- 운송 외주
('SUB202501200001', '2025-01-20', '2025-01-21', 'O004', 'TRANSPORT', 'SO202501001', 'PRD001', '복층유리 16T (5CL+6A+5CL) 투명', 200, 'M2', 3000, 600000, 200, 'COMPLETED', '정시 배송', '2025-01-20 08:00:00+09', '2025-01-21 10:00:00+09'),
('SUB202501230001', '2025-01-23', '2025-01-24', 'O004', 'TRANSPORT', 'SO202501002', 'PRD002', '복층유리 22T (6CL+12A+6CL) 그린', 150, 'M2', 3500, 525000, 150, 'COMPLETED', '정시 배송', '2025-01-23 08:00:00+09', '2025-01-24 10:00:00+09'),

-- 포장 외주
('SUB202501250001', '2025-01-25', '2025-01-27', 'O005', 'PACKING', 'SO202501003', 'PRD003', '복층유리 24T (8CL+8A+8CL) 로이', 70, 'M2', 2000, 140000, 70, 'COMPLETED', '완충재 포장', '2025-01-25 09:00:00+09', '2025-01-27 16:00:00+09'),

-- 진행 중
('SUB202501280001', '2025-01-28', '2025-02-04', 'O001', 'TEMPERING', 'SO202501004', 'TMP001', '강화유리 5T 투명', 80, 'M2', 16000, 1280000, 40, 'PROCESSING', '진행 중', '2025-01-28 09:00:00+09', '2025-01-28 09:00:00+09'),
('SUB202501300001', '2025-01-30', '2025-02-06', 'O002', 'ETCHING', 'SO202501005', 'ETC001', '에칭유리 5T 무광', 35, 'M2', 20000, 700000, 0, 'CONFIRMED', '확정', '2025-01-30 09:00:00+09', '2025-01-30 09:00:00+09');
-- TRUNCATE TABLE hkgn.standard_terms CASCADE;

-- ============================================
-- 테이블: standard_terms
-- 설명: 표준 용어 사전 (약어 포함)
-- 작성일: 2026-02-07
-- 스키마: hkgn
-- 데이터 수: 127개 (기준정보 33, 영업 20, 생산 29, 포장 11, 구매 10, 재고 17, 현장 7)
-- ============================================

INSERT INTO hkgn.standard_terms (term_group, term_code, term_name_kr, term_name_en, description, abbreviation, sort_order) VALUES
('기준정보', 'MATERIAL_CD', '자재코드', 'Material Code', '자재 고유 식별 코드 (PK)', 'MAT_CD', 1),
('기준정보', 'MATERIAL_TYPE', '자재구분', 'Material Type', '자재/원자재/원판/부자재/강화/에칭/용기', 'MAT_TYPE', 2),
('기준정보', 'MATERIAL_NM', '자재명', 'Material Name', '자재 이름', 'MAT_NM', 3),
('기준정보', 'THICKNESS', '두께', 'Thickness', '원판 두께 (mm)', 'T', 4),
('기준정보', 'STOCK_QTY', '재고수량', 'Stock Quantity', '창고 재고 현황', 'STK_QTY', 5),
('기준정보', 'COST_PRICE', '원가', 'Cost Price', '원가 (원)', 'COST', 6),
('기준정보', 'LIST_PRICE', '판가', 'List Price', '판가 (원)', 'LIST', 7),
('기준정보', 'PURCHASE_PRICE', '매입가', 'Purchase Price', '매입 단가 (원)', 'PUR_PRC', 8),
('기준정보', 'SELLING_PRICE', '판매가', 'Selling Price', '판매 단가 (원)', 'SELL_PRC', 9),
('기준정보', 'COLOR_TYPE', '색상구분', 'Color Type', '유리 색상 (투명/칼라/로이 등)', 'COLOR', 10),
('기준정보', 'UNIT', '단위', 'Unit', '수량 단위 (EA/M2/BOX)', 'UOM', 11),
('기준정보', 'IS_ACTIVE', '사용여부', 'Active Flag', '사용/미사용 구분', 'ACTIVE', 12),
('기준정보', 'BP', '거래처', 'Business Partner', '매출처/매입처/외주처 기준정보', 'BP', 13),
('기준정보', 'BP_CD', '거래처코드', 'BP Code', '거래처 식별 코드 (PK)', 'BP_CD', 14),
('기준정보', 'BP_TYPE', '거래처구분', 'BP Type', '매출처/매입처/외주처 구분', 'BP_TYPE', 15),
('기준정보', 'SALES_CATEGORY', '매출처구분', 'Sales Category', '판판/현장/기타 등', 'SALES_CAT', 16),
('기준정보', 'PURCHASE_CATEGORY', '매입처구분', 'Purchase Category', '원자재/부자재/기타 등', 'PUR_CAT', 17),
('기준정보', 'BP_NM', '거래처명', 'BP Name', '거래처 이름', 'BP_NM', 18),
('기준정보', 'CEO_NM', '대표자명', 'CEO Name', '대표자 이름', 'CEO', 19),
('기준정보', 'BIZ_REG_NO', '사업자등록번호', 'Biz Reg No', '사업자등록번호 (###-##-#####)', 'BRN', 20),
('기준정보', 'CONTACT_PERSON', '담당자', 'Contact Person', '거래처 담당자', 'CONTACT', 21),
('기준정보', 'SITE', '현장', 'Site / Project', '건설현장/납품처 기준정보', 'SITE', 22),
('기준정보', 'SITE_CD', '현장코드', 'Site Code', '현장 식별 코드 (PK)', 'SITE_CD', 23),
('기준정보', 'SITE_NM', '현장명', 'Site Name', '현장 이름', 'SITE_NM', 24),
('기준정보', 'CONSTRUCTION_NM', '건설사', 'Construction Co', '건설사 이름', 'CONST', 25),
('기준정보', 'SPEC', '사양', 'Specification', '유리창 유리 사양', 'SPEC', 26),
('기준정보', 'WORKER', '작업자', 'Worker', '작업자/작업 기준정보', 'WKR', 27),
('기준정보', 'WORKER_CD', '작업자코드', 'Worker Code', '작업자 고유 코드 (PK)', 'WKR_CD', 28),
('기준정보', 'WORKER_NM', '작업자명', 'Worker Name', '작업자 이름', 'WKR_NM', 29),
('기준정보', 'DEPT', '소속부서', 'Department', '소속 부서 (복층/강화/재단/관리 등)', 'DEPT', 30),
('기준정보', 'POSITION', '직무', 'Position/Role', '직무 (관리자/조립/투입/후처리 등)', 'POS', 31),
('기준정보', 'PROD_LINE', '생산라인', 'Production Line', '생산 라인 (1호기/2호기 등)', 'LINE', 32),
('기준정보', 'IGU_LINE', '생산라인', 'Production Line', '복층 1호/2호/3호 기준', 'LINE', 33),
('영업', 'SO', '수주', 'Sales Order', '고객 주문 접수', 'SO', 100),
('영업', 'DOC_NO', 'ID서류번호', 'Document No', '수주 ID서류번호 (예: 26-0154)', 'DOC_NO', 101),
('영업', 'ORDER_DATE', '수주일자', 'Order Date', '수주 접수일', 'ORD_DT', 102),
('영업', 'DELIVERY_DATE', '납품예정일', 'Delivery Date', '납품 예정일', 'DLV_DT', 103),
('영업', 'ORDER_TYPE', '수주유형', 'Order Type', '일반품/긴급/재고품/견본품 등', 'ORD_TYPE', 104),
('영업', 'VAT_EXCLUDED', '부가세제외', 'VAT Excluded', '부가세 별도 여부', 'VAT_EX', 105),
('영업', 'DUO_LIGHT', '듀오라이트', 'Duo Light', '듀오라이트 유무 (Y/N)', 'DUO', 106),
('영업', 'TPS', 'TPS', 'TPS', 'TPS 처리 여부', 'TPS', 107),
('영업', 'PRODUCT_TYPE', '제품구분', 'Product Type', 'PH패턴/IP제품 등', 'PRD_TYPE', 108),
('영업', 'PRODUCT_NM', '품명', 'Product Name', '제품 명 SB0123/TPH50 등 (S:CLID)', 'PRD_NM', 109),
('영업', 'SIZE_UNIT', '규격단위', 'Size Unit', 'mm/inch 등', 'SIZE_UOM', 110),
('영업', 'WIDTH', '가로규격', 'Width', '가로 (mm)', 'W', 111),
('영업', 'HEIGHT', '세로규격', 'Height', '세로 (mm)', 'H', 112),
('영업', 'QTY', '수량', 'Quantity', '매 수 (EA)', 'QTY', 113),
('영업', 'AREA_M2', '면적', 'Area (M2)', '면적 (M2) = 가로x세로x수량', 'AREA', 114),
('영업', 'UNIT_PRICE', '단가', 'Unit Price', '단가 (원)', 'U_PRC', 115),
('영업', 'AMOUNT', '금액', 'Amount', '금액 = 단가 x 수량', 'AMT', 116),
('영업', 'BUILDING', '동', 'Building', '아파트 동 번호', 'BLDG', 117),
('영업', 'UNIT_NO', '호수', 'Unit No', '아파트 호수', 'UNIT', 118),
('영업', 'WINDOW_TYPE', '창', 'Window Type', '창 종류 (PH:파테라이 등)', 'WINDOW', 119),
('생산', 'PP', '생산계획', 'Production Plan', '주간 생산계획 (작업지시)', 'PP', 200),
('생산', 'WO_NO', '작업지시번호', 'Work Order No', '작업지시서 번호', 'WO_NO', 201),
('생산', 'WORK_TYPE', '작업구분', 'Work Type', '보통/간급 등', 'WK_TYPE', 202),
('생산', 'LOADING_DATE', '로딩일자', 'Loading Date', '강판(유리) 예정일', 'LOAD_DT', 203),
('생산', 'LOCATION_DETAIL', '위치', 'Location Detail', '동/층/호 상세 정보', 'LOC', 204),
('생산', 'PROC_CATEGORY', '공정구분', 'Process Category', '복층/강화/재단/선택 등', 'PROC_CAT', 205),
('생산', 'OPTION_DESC', '옵션', 'Option Desc', '특이사항/옵션', 'OPT', 206),
('생산', 'PYEONG_AREA', '평수', 'Pyeong Area', '면적 (평)', 'PY', 207),
('생산', 'PROC_CHK', '공정확인', 'Process Check', '재단1/재단2/강화/유리제조/재고', 'PROC_CHK', 208),
('생산', 'PR', '실적', 'Production Result', '생산일지 (생산 기록)', 'PR', 209),
('생산', 'CUTTING', '재단', 'Cutting', '유리 재단 작업 (재단1/재단2 공정)', 'CUT', 210),
('생산', 'WASHING', '아르곤', 'Argon/Washing', '아르곤 충전 / 세척 공정', 'WASH', 211),
('생산', 'TEMPERING', '강화', 'Tempering', '유리 열처리 강화 공정', 'TEMP', 212),
('생산', 'ETCHING', '에칭', 'Etching', '유리 에칭 가공 공정', 'ETCH', 213),
('생산', 'IGU_ASSEMBLY', '복층조립', 'IGU Assembly', '복층유리(IGU) 조립 공정', 'IGU', 214),
('생산', 'SEALING', '씰링', 'Sealing', '복층 씰링 공정', 'SEAL', 215),
('생산', 'PDPR', '생산실적', 'Production Result', '생산일지 (생산 기록)', 'PR', 216),
('생산', 'RESULT_DOC_NO', '실적문서번호', 'Result Doc No', '생산실적 문서번호', 'RSLT_NO', 217),
('생산', 'PROCESS', '공정', 'Process', '복층/강화/재단/선택 등', 'PROC', 218),
('생산', 'SHIFT_TYPE', '근무조구분', 'Day/Night Shift', '주간/야간/저녁 구분', 'SHIFT', 219),
('생산', 'PROD_QTY', '생산수량', 'Produced Qty', '생산 완성 수량', 'PROD_QTY', 220),
('생산', 'DEFECT_QTY', '불량수량', 'Defect Qty', '불량 수량', 'DEFECT', 221),
('생산', 'UNPROD_QTY', '미생산수량', 'Unproduced Qty', '미생산 전량 수량', 'UNPROD', 222),
('생산', 'CDR', '재단일보', 'Cutting Daily Report', '일일 재단 작업 일보', 'CDR', 223),
('생산', 'WASHED_PYEONG', '세척면적', 'Washed Area', '아르곤(세척) 면적 (평)', 'WASH_PY', 225),
('생산', 'USED_PYEONG', '사용면적', 'Used Area', '원판 사용 면적 (평)', 'USED_PY', 226),
('생산', 'LOSS_PYEONG', '로스면적', 'Loss Area', '손실(잔량) 면적 (평)', 'LOSS_PY', 227),
('생산', 'LOSS_RATE', '로스율', 'Loss Rate', '손실률 = 로스면적/사용면적', 'LOSS_RT', 228),
('포장', 'PO_PACK', '포장지시', 'Packing Order', '포장 지시 정보', 'PACK', 300),
('포장', 'DELIVERY_DOC', '출고문서', 'Delivery/Shipment', '출고 상세 관리', 'DLV_DOC', 301),
('포장', 'DLV_DOC_NO', '출고문서번호', 'Delivery Doc No', '출고문서 번호', 'DLV_NO', 302),
('포장', 'TXN_DATE', '거래일자', 'Transaction Date', '거래(출고) 일자', 'TXN_DT', 303),
('포장', 'DELIVERY_TYPE', '출고유형', 'Delivery Type', '판매출고/대여/기타 등', 'DLV_TYPE', 304),
('포장', 'FREIGHT_COST', '운반비', 'Freight Cost', '운반비', 'FREIGHT', 305),
('포장', 'CARRIER', '운송사', 'Carrier', '운송사 이름', 'CARRIER', 306),
('포장', 'UNDLV_QTY', '미출고수량', 'Undelivered Qty', '미출고 전량 수량', 'UNDLV', 307),
('포장', 'DLV_QTY', '출고수량', 'Delivered Qty', '출고 수량', 'DLV_QTY', 308),
('포장', 'DLV_AMOUNT', '출고금액', 'Delivery Amount', '출고 금액', 'DLV_AMT', 309),
('포장', 'VAT', '부가세', 'VAT', '부가세액', 'VAT', 310),
('구매', 'PO', '구매발주', 'Purchase Order', '원자재 구매 발주', 'PO', 400),
('구매', 'PO_DOC_NO', '발주문서번호', 'PO Doc No', '발주서(PO) 번호 (PO-YYYYMMDD-CC)', 'PO_NO', 401),
('구매', 'PO_DATE', '발주일자', 'PO Date', '발주 요청일', 'PO_DT', 402),
('구매', 'SIZE_SMALL', '사이즈(소)', 'Size Small', '원판 소 사이즈 (mm)', 'SIZE_S', 403),
('구매', 'SIZE_LARGE', '사이즈(대)', 'Size Large', '원판 대 사이즈 (mm2.5)', 'SIZE_L', 404),
('구매', 'SUPPLY_AMT', '공급가액', 'Supply Amount', '공급가액 (부가세 제외)', 'SUPPLY', 405),
('구매', 'GR', '입고', 'Goods Receipt', '원자재 입고', 'GR', 406),
('구매', 'GR_CONFIRM', '입고확인', 'GR Confirmation', '입고확인 상태', 'GR_CONF', 407),
('구매', 'DISCOUNT_RATE', 'DC율', 'Discount Rate', '할인율 (%)', 'DC_RT', 408),
('구매', 'PYEONG_PRICE', '평단가', 'Unit Price/Pyeong', '평당 단가', 'PY_PRC', 409),
('재고', 'INV', '재고', 'Inventory', '재고 현황 및 이력', 'INV', 500),
('재고', 'INV_STATUS', '재고상태', 'Inventory Status', '정상/불량/검사 대기 등', 'INV_STS', 501),
('재고', 'INV_TXN_TYPE', '거래유형', 'Txn Type', 'IN입고 / OUT출고', 'TXN_TYPE', 502),
('재고', 'INV_TXN_REASON', '거래사유', 'Txn Reason', '구매입고/생산입고/판매출고/자재불출/재고조정', 'TXN_RSN', 503),
('재고', 'INV_TXN_QTY', '거래수량', 'Txn Quantity', '입고(+) / 출고(-) 수량', 'TXN_QTY', 504),
('재고', 'BEFORE_QTY', '이전수량', 'Before Qty', '수불 전 전수량', 'BEF_QTY', 505),
('재고', 'AFTER_QTY', '이후수량', 'After Qty', '수불 후 전수량', 'AFT_QTY', 506),
('재고', 'CONTAINER_PACK', '용기/포장', 'Container/Pack', '용기/용기 관리', 'CNT_PACK', 507),
('재고', 'CONTAINER_CD', '용기코드', 'Container Code', '용기 식별 코드', 'CNT_CD', 508),
('재고', 'SUBCONTRACT_PO', '외주발주', 'Subcontract PO', '외주 발주 정보', 'SUB_PO', 509),
('재고', 'SUB_CD', '외주처코드', 'Sub Code', '외주처(업체) 코드', 'SUB_CD', 510),
('재고', 'SUB_TYPE', '외주구분', 'Sub Type', '강화/정밀/유리가공 구분', 'SUB_TYPE', 511),
('재고', 'REC_RECEIPT_DATE', '입고요청일자', 'Rec Receipt Date', '외주 입고 요청일', 'REC_DT', 512),
('재고', 'ACT_RECEIPT_DATE', '실제입고일', 'Act Receipt Date', '실제 입고일', 'ACT_DT', 513),
('재고', 'RECEIPT_LOCATION', '입고장소', 'Receipt Location', '입고 장소 (아파트명 등)', 'REC_LOC', 514),
('현장', 'SITE_PRICE', '현장단가', 'Site Price', '현장별 유리 사양 단가', 'SITE_PRC', 600),
('현장', 'BID_EXEC_PRICE', '입찰실행단가', 'Bid Exec Price', '입찰 시 낙찰 단가', 'BID_PRC', 601),
('현장', 'PROC_PRICE', '가공단가', 'Processing Price', '가공비 단가', 'PROC_PRC', 602),
('현장', 'ARGON_COST', '아르곤비', 'Argon', '아르곤 충전 비용', 'ARGON', 603),
('현장', 'EDGE_COST', '엣지비', 'Edge', '엣지 가공 비용', 'EDGE', 604),
('현장', 'STRUCT_COST', '구조용비', 'Structural', '구조용 유리 비용', 'STRUCT', 605),
('현장', 'EDGE_STEP', '엣지스텝', 'Edge/Step', '엣지 스텝 가공', 'EDGE_STP', 606)

ON CONFLICT (term_group, term_code) DO NOTHING;

-- 통계 출력
SELECT term_group, COUNT(*) as term_count
FROM hkgn.standard_terms
GROUP BY term_group
ORDER BY term_group;

SELECT '총 ' || COUNT(*) || '개 용어 등록 완료' as summary
FROM hkgn.standard_terms;
